recno,TYC1,TYC2,TYC3,BTmag,VTmag,HIP,RA(ICRS),DE(ICRS)
9734,58,1618,1,4.687,2.716,14135,45.56991167,4.08992139
134397,641,985,1,4.567,4.681,13954,44.92873833,8.90739861
135691,650,1471,1,4.721,3.705,15900,51.20348028,9.02905611
135689,650,1469,1,3.647,3.715,16083,51.79217583,9.73276861
8728,52,1681,1,5.96,4.968,12093,38.96869944,5.59329806
134673,643,937,1,4.635,4.305,12828,41.23493472,10.11421611
132943,632,1491,1,4.223,4.261,11484,37.03966556,8.4600875
136461,656,1725,1,5.551,4.246,16369,52.71819694,12.93668139
275134,1273,1104,1,4.813,3.635,20889,67.15390278,19.18051806
275065,1272,1126,1,5.227,4.947,19990,64.31535194,20.57874139
274227,1262,1645,1,5.708,4.463,19038,61.17359444,22.08206278
270302,1228,2019,1,5.658,4.452,14838,47.90698333,19.72669917
272275,1244,1190,1,4.86,4.867,15110,48.72547694,21.0446225
406031,1800,2204,1,4.085,4.152,17608,56.58150528,23.94845917
405874,1799,1441,1,3.558,3.674,17499,56.21885222,24.11344611
405872,1799,1439,1,3.775,3.849,17573,56.45664139,24.36785556
406501,1803,1585,1,4.158,4.272,17531,56.30201028,24.46737556
406030,1800,2203,1,3.517,3.601,17847,57.29054722,24.05352028
406029,1800,2202,1,2.77,2.834,17702,56.87110528,24.10523889
266775,1209,1835,1,4.491,4.517,8832,28.38236806,19.2940775
266774,1209,1833,1,4.553,4.584,8832,28.38238389,19.29618694
267361,1212,1935,1,2.827,2.651,8903,28.65979889,20.8082825
399944,1758,2416,1,3.487,2.125,9884,31.79289556,23.46276111
399708,1757,1964,1,5.114,4.802,9153,29.48238333,23.59609472
404711,1789,1490,1,3.478,3.579,13209,42.49580194,27.26078056
405500,1796,1306,1,6.527,4.639,15549,50.08485778,29.04849806
546859,2349,1954,1,6.742,4.993,15416,49.68260056,34.22267333
403040,1776,1395,1,4.482,4.624,12719,40.86296361,27.70717111
405190,1793,1611,1,5.939,4.639,13061,41.9768625,29.24741333
544440,2334,1042,1,6.599,4.735,13328,42.87846194,35.05988778
696063,2847,1572,1,5.372,3.539,14354,46.29376056,38.840525
695812,2846,1429,1,4.635,4.253,13254,42.6455125,38.31889972
696877,2850,2115,1,4.765,4.69,13879,44.69021833,39.66282611
275586,1277,1626,1,4.38,4.215,20635,66.34209889,22.29397944
408549,1816,1893,1,4.599,4.303,20711,66.57666278,22.81369
410183,1830,2129,1,4.11,4.239,21881,70.56126472,22.95697556
553807,2391,1446,1,4.666,2.83,23015,74.24839889,33.1661325
548653,2361,2820,1,2.955,2.858,18246,58.53299361,31.88365861
554688,2394,2027,1,6.176,4.689,24727,79.54395417,33.37199667
708390,2896,2101,1,5.065,4.847,24340,78.35721306,38.48467
709909,2900,2157,1,5.438,4.761,24813,79.78375417,40.10064444
713660,2911,1795,1,5.72,4.623,27483,87.29358028,39.18113417
848778,3361,1787,1,6.484,4.516,28404,89.9837525,45.93675222
555652,2399,1843,1,6.59,4.939,22678,73.15832667,36.70319722
709456,2899,2236,1,5.236,3.888,23453,75.619505,41.07589278
709457,2899,2237,1,2.957,3.123,23767,76.62862806,41.23464083
706145,2888,2054,1,5.759,4.374,21476,69.17264083,41.26485444
712179,2907,1275,1,3.644,3.069,23416,75.49223306,43.82331361
976735,3750,1042,1,5.009,3.832,28358,89.88148111,54.284965
548314,2359,1258,1,3.912,3.906,17448,56.07969472,32.2882725
548993,2363,2185,1,4.9,4.962,17313,55.59434722,33.96503917
550265,2369,2273,1,4.002,4.026,18614,59.74124694,35.79102722
704786,2882,2046,1,5.901,4.797,19811,63.72212472,40.48372333
701775,2868,1623,1,2.66,2.854,18532,59.46342333,40.01027056
697461,2852,2474,1,6.044,4.732,14817,47.82250139,39.61157278
703124,2873,3762,1,5.027,4.954,15648,50.36085306,43.32965222
702567,2871,2573,1,4.277,3.813,17529,56.29851139,42.57854333
842149,3332,2427,1,3.944,3.982,19343,62.16530694,47.71259111
842148,3332,2426,1,5.311,4.238,19812,63.72440694,48.40937111
842831,3335,2097,1,4.252,4.263,19167,61.64605806,50.35135028
838591,3317,3034,1,2.849,2.963,17358,55.73117889,47.78764667
838590,3317,3033,1,4.233,4.295,16826,54.12233972,48.19269694
838312,3316,2308,1,6.131,4.492,16335,52.64367944,47.99517444
841396,3329,2516,1,4.746,4.803,20354,65.38812028,46.49896194
973224,3734,2320,1,4.416,4.43,23040,74.3217425,53.75207944
977713,3754,939,1,5.021,4.966,27949,88.71160889,55.70690833
843087,3336,2435,1,4.656,4.6,20070,64.56074194,50.29563917
1072043,4079,2478,1,5.134,4.123,23522,75.85456889,60.44228
397417,1747,2263,1,6.002,4.786,5742,18.43723417,24.58376028
398338,1751,2178,1,4.804,4.753,6193,19.86657389,27.26408417
401216,1763,3028,1,3.984,3.457,8796,28.27041917,29.57936528
533750,2278,1260,1,5.911,4.633,5586,17.91495083,30.08972778
535183,2286,1329,1,4.155,2.244,5447,17.43250583,35.62083028
541459,2318,1875,1,4.025,3.999,10670,34.32848944,33.84731556
541458,2318,1874,1,5.597,4.933,10644,34.2602675,34.22480389
541259,2317,1647,1,3.196,3.017,10064,32.38552917,34.98738639
690583,2829,2251,1,4.935,4.804,9977,32.121475,37.85917722
696624,2849,2054,1,5.612,4.961,12623,40.56219972,40.19436556
692962,2837,2311,1,3.984,2.308,9640,30.97467083,42.32984306
687686,2819,2290,1,4.841,4.942,7818,25.14501944,40.57710333
688514,2822,2210,1,4.736,4.152,7513,24.19986944,41.4063425
681974,2798,1667,1,4.026,3.868,4436,14.18794139,38.49926139
533902,2279,1665,1,4.184,4.319,2912,9.22016389,33.71935111
682823,2801,2090,1,4.343,4.496,3881,12.45346361,41.07895056
532909,2273,2081,1,4.59,4.512,1473,4.58209528,36.78532444
677675,2782,2251,1,4.677,4.607,1366,4.27305611,38.68167694
816091,3253,1987,1,5.164,4.972,3414,10.86704167,47.02463111
816092,3253,1988,1,4.411,4.463,3504,11.18126583,48.28438111
820730,3265,2401,1,5.33,4.874,6813,21.91292472,45.40694028
820729,3265,2400,1,6.252,4.988,6411,20.58498028,45.52875833
826542,3282,2271,1,5.247,3.719,7607,24.49793778,48.62847361
821700,3268,1358,1,4.218,4.284,5434,17.37553806,47.24180694
829541,3291,2118,1,3.898,4.011,8068,25.91506417,50.68876472
951918,3673,1923,1,4.536,4.343,5542,17.7747575,55.14994389
817712,3257,2189,1,4.645,4.775,3300,10.51618667,50.51254083
823804,3274,2090,1,4.767,4.875,3801,12.20830889,50.96819028
942768,3654,2132,1,3.421,3.628,2920,9.24278389,53.89693
944832,3658,2414,1,4.652,4.756,2505,7.94297694,54.52226306
947475,3663,2668,1,3.729,2.349,3179,10.12662278,56.53740694
947905,3664,1985,1,2.689,2.299,746,2.29214722,59.15019444
947476,3663,2669,1,4.142,3.518,3821,12.27143833,57.81649972
955537,3680,1839,1,5.829,4.728,4422,14.16669528,59.18115972
955538,3680,1840,1,6.399,4.957,4292,13.75079722,58.97279139
1053357,4017,2318,1,5.441,4.848,4151,13.26781861,61.12358222
1054679,4019,3949,1,4.283,4.183,2599,8.24994722,62.93178694
699642,2859,2274,1,5.028,3.889,14668,47.37348361,44.85788
838836,3318,1840,1,4.759,4.107,14632,47.262305,49.61349111
834590,3304,2737,1,4.685,4.155,12777,41.04876528,49.22865472
966014,3701,1394,1,4.85,4.013,13531,43.56443,52.76249
839300,3320,2815,1,4.851,4.962,16147,52.01271,49.06293083
839294,3320,2810,1,4.581,4.715,16244,52.34180167,49.50901472
966013,3701,1393,1,3.77,2.992,14328,46.1991275,53.50645167
969242,3715,1250,1,5.155,4.642,16281,52.47810944,58.87875194
833803,3302,1892,1,6.742,4.895,11313,36.40584361,50.27866444
966681,3704,1332,1,5.939,3.942,13268,42.67413972,55.89552694
959425,3689,131,1,4.901,4.98,9505,30.57531639,54.48754917
967772,3709,1135,1,6.073,4.88,14382,46.38510583,56.70555778
969239,3715,1248,1,4.623,4.233,16228,52.26723139,59.94033389
1069833,4067,1937,1,4.871,4.943,18505,59.35598361,63.07225056
1074814,4091,2094,1,4.273,4.292,22783,73.51254528,66.34266222
1069831,4067,1935,1,5.736,4.894,17587,56.50971861,63.34506778
1070665,4071,1894,1,6.876,4.625,17884,57.38035722,65.52600583
1068071,4061,1593,1,4.586,4.712,15520,49.99690389,65.652325
1134116,4335,2106,1,4.674,4.611,17959,57.58949056,71.33236083
956834,3683,2185,1,5.938,4.791,7294,23.48301361,59.23209389
1058790,4031,3289,1,2.842,2.663,6686,21.45259417,60.23539778
1061089,4036,2834,1,3.162,3.313,8886,28.59868472,63.67014306
1067710,4058,1504,1,4.732,4.627,11569,37.26661028,67.40238944
1128477,4310,902,1,4.854,4.953,9009,29.00001528,68.68526472
1129564,4315,2126,1,4.787,4.647,9480,30.48977139,70.90704306
1125100,4297,1685,1,6.069,4.844,6692,21.48295333,68.12995139
1130567,4319,1847,1,3.962,3.94,9598,30.85911139,72.4212425
1131745,4325,1562,1,4.894,4.84,14862,47.98433361,74.39385833
1202242,4623,1236,1,5.821,4.364,5372,17.18417639,86.25711667
1202628,4628,237,1,2.708,2.038,11767,37.94661861,89.26413528
55127,224,1334,1,4.305,4.332,43234,132.10825111,5.83788583
55126,224,1333,1,4.25,3.488,43109,131.69432472,6.41890917
55249,225,1116,1,4.387,3.21,43813,133.84867333,5.94552917
179671,821,2130,1,4.099,3.562,47508,145.28797583,9.89239417
54947,223,1795,1,4.152,4.132,42313,129.41419167,5.7038
178142,814,3029,1,4.427,4.268,44066,134.62165972,11.85777222
311922,1412,1695,1,3.462,3.49,49583,151.83313889,16.76266528
313736,1423,1351,1,5.332,4.834,50564,154.93459306,19.47142889
442325,1960,1550,1,3.955,3.042,47908,146.46292083,23.77427889
443125,1964,1473,1,5.489,4.013,48455,148.19145528,26.00708861
442128,1959,1582,1,6.323,4.475,46750,142.93016528,22.96806278
308742,1396,2758,1,5.311,4.048,42911,131.17129278,18.15485889
309420,1399,2905,1,4.68,4.654,42806,130.82170167,21.46859444
441368,1955,1904,1,6.051,4.599,46146,141.16365889,26.18244
581388,2496,1728,1,5.156,3.291,45860,140.26437194,34.39252972
440072,1949,2011,1,5.252,4.126,43103,131.67430806,28.760005
731259,2983,1983,1,5.845,4.653,44700,136.63244333,38.4522475
444014,1969,1261,1,3.795,3.455,50335,154.17252222,23.41732917
584437,2512,1144,1,5.694,4.768,52098,159.68005444,31.97622056
586365,2521,2271,1,5.14,3.905,53229,163.32767472,34.21554083
583886,2509,1343,1,4.707,4.498,49593,151.85719528,35.24469194
584757,2514,1294,1,5.035,4.751,51056,156.47859611,33.79625389
585232,2517,1209,1,5.354,4.304,51233,156.9711925,36.70746111
735379,3005,1206,1,4.97,4.742,51658,158.30828944,40.4255425
586027,2520,2634,1,4.92,4.327,,169.54664306,31.53051583
586028,2520,2634,2,5.53,4.804,,169.54684333,31.53072611
586025,2520,2631,1,5.325,3.635,55219,169.61980889,33.09424139
736594,3010,2501,1,4.896,4.773,55266,169.78309361,38.18571361
737280,3012,2519,1,4.467,3.11,54539,167.41607,44.49854806
736943,3011,2549,1,4.629,4.659,53295,163.49461667,43.19001139
868370,3452,2140,1,5.227,3.818,57399,176.51303417,47.77933944
994393,3833,1034,1,2.456,2.399,58001,178.45727278,53.69473361
582154,2500,1532,1,5.668,4.64,46952,143.55573889,36.39761167
735218,3004,1418,1,5.126,3.216,50801,155.5825025,41.49943528
735706,3007,1286,1,3.476,3.428,50372,154.27466972,42.91446583
581978,2499,1655,1,3.963,3.916,45688,139.71110889,36.80287528
733055,2992,1689,1,6.048,4.909,47029,143.766045,39.621445
731915,2986,1978,1,4.493,4.026,44248,135.16135861,41.78339306
991864,3819,1373,1,5.441,4.88,51459,157.65731389,55.98061528
300664,1359,2672,1,3.921,3.559,35550,110.03078667,21.98233972
433127,1916,2156,1,4.741,3.662,37740,116.11194806,24.39812389
433755,1919,2109,1,6.066,4.227,36962,113.98070944,26.89598583
433541,1918,2339,1,5.086,3.888,36046,111.43196556,27.79827889
436458,1933,2000,1,5.092,4.977,38538,118.37431444,26.76585444
434752,1924,2022,1,5.675,4.369,37629,115.82786667,28.88404667
568540,2438,1059,1,6.047,4.533,34693,107.78495889,30.24527472
572383,2452,2167,1,4.539,4.198,36366,112.27756333,31.7841
574460,2462,2103,1,5.37,4.928,37265,114.79147889,34.58462611
730563,2980,2184,1,6.29,4.415,41075,125.7088725,43.18836694
861000,3414,2496,1,4.83,4.8,39847,122.11458111,51.50667667
570366,2444,1113,1,3.731,3.605,33018,103.19724861,33.96136417
856001,3391,2640,1,4.93,4.896,33485,104.40468306,45.09410333
721009,2936,2025,1,6.387,4.931,31832,99.83261444,42.48900694
857988,3401,1648,1,4.594,4.607,36145,111.67858611,49.211635
983476,3779,1730,1,5.417,4.448,33449,104.31916722,58.42304778
982908,3776,2465,1,4.474,4.437,30060,94.90579556,59.01090778
863090,3424,1626,1,3.555,3.547,44471,135.90648556,47.15664944
862312,3420,2149,1,3.358,3.128,44127,134.80338944,48.04231361
864322,3430,1673,1,4.795,4.479,44901,137.21824111,51.60472361
864679,3432,1451,1,3.721,3.214,46853,143.21784694,51.67856694
864678,3432,1450,1,4.515,4.468,47006,143.70621889,52.05156528
990801,3814,1752,1,4.618,4.563,48402,148.02650528,54.06428639
989088,3806,1813,1,5.042,4.83,45493,139.04700917,54.02171167
1082244,4127,2431,1,4.406,3.436,41704,127.56678194,60.718415
1084934,4138,1687,1,5.078,4.684,45075,137.72889833,63.51377472
992068,3820,1522,1,4.119,3.797,48319,147.748635,59.0390925
1087389,4150,1302,1,4.882,4.923,50933,156.03274667,65.56647111
1147537,4392,1805,1,5.923,3.987,56211,172.85118639,69.33111833
1085131,4139,1304,1,4.046,3.679,46733,142.88156556,63.06179833
1085539,4141,1496,1,5.384,4.869,45038,137.59803333,67.1342275
1143511,4376,2052,1,5.507,4.633,46977,143.62068167,69.83016278
986333,3794,1738,1,5.051,4.958,37609,115.75190139,58.71048361
1083086,4130,2355,1,6.108,4.722,42527,130.05373389,64.32787556
1136743,4345,2051,1,4.778,4.758,29997,94.71158361,69.32002
1143239,4375,2458,1,6.76,4.942,44390,135.63635639,67.6295775
1182563,4542,2796,1,6.053,4.959,51808,158.77326833,75.71298139
1179774,4530,2010,1,6.339,4.699,33694,105.01606389,76.97743917
1184044,4547,2323,1,6.205,4.43,47193,144.27228306,81.32641944
72976,338,1145,1,5.725,4.513,73620,225.72529056,2.09127222
196686,933,1238,1,4.447,4.171,76276,233.70077722,10.53886056
193579,911,1708,1,6.134,4.973,71832,220.41148417,8.16175583
194456,917,1471,1,4.546,4.464,71795,220.2869675,13.72845833
194457,917,1471,2,4.616,4.554,71795,220.28718167,13.72832306
326949,1496,2119,1,4.4,3.882,78072,239.11252167,15.66459361
326750,1495,1994,1,3.747,3.653,77233,236.546735,15.42192222
327266,1498,1789,1,6.201,4.273,77450,237.18502889,18.14176889
329476,1513,1261,1,4.064,3.761,80170,245.48017556,19.15302333
457967,2035,1749,1,4.912,4.827,78554,240.57370583,22.80439667
327264,1498,1787,1,4.584,4.513,76852,235.38787472,19.67049972
328022,1502,1782,1,6.738,4.914,77661,237.81642417,20.97787667
458381,2037,1826,1,5.732,4.274,78159,239.39708167,26.87802
458382,2037,1827,1,5.568,4.685,77512,237.39873861,26.06854389
458158,2036,1674,1,3.866,3.851,76952,235.68601083,26.29551056
322512,1469,1455,1,6.453,4.981,70027,214.93882639,16.30680389
323759,1477,1336,1,4.77,4.877,71762,220.18150444,16.41830417
323628,1477,189,1,5.818,4.71,72125,221.31040611,16.9643975
324394,1481,722,1,5.575,4.757,72659,222.847025,19.100625
321194,1460,1180,1,6.026,4.21,67459,207.36956306,15.79780833
321075,1460,132,1,5.064,4.536,67275,206.81675028,17.45677917
322650,1470,1157,1,3.38,2.719,67927,208.67130222,18.39853222
453690,2010,1245,1,5.451,4.868,69226,212.59977944,25.09181528
455944,2024,1355,1,5.432,4.974,73996,226.82480361,24.86957778
455273,2020,1409,1,6.789,4.965,73568,225.52713278,25.00825222
456472,2027,1405,1,6.151,4.653,73745,226.111875,26.94766028
457354,2032,1605,1,3.99,3.672,75695,231.95769139,29.1055025
595482,2564,1629,1,4.003,4.143,76127,233.23247778,31.35914417
595876,2566,1639,1,4.669,3.563,74666,228.87544306,33.31508722
455100,2019,1250,1,4.872,4.808,72105,221.24658444,27.07492778
455101,2019,1251,1,3.937,2.578,72105,221.24687333,27.07417556
455452,2021,1323,1,4.881,4.501,71284,218.66957194,29.74481972
593544,2553,1140,1,5.267,3.71,71053,217.95772611,30.37115583
744984,3047,1258,1,4.672,3.577,73555,225.48663139,40.39063306
330126,1518,1442,1,3.943,2.86,80816,247.55524028,21.48964583
601228,2590,1412,1,3.883,3.895,83207,255.07252139,30.92634389
599396,2582,3158,1,3.666,2.952,81693,250.32277056,31.60193694
598795,2580,2438,1,6.092,4.958,80181,245.5245325,30.8917475
459286,2041,1805,1,4.911,4.963,78493,240.36079278,29.85107639
602367,2596,1318,1,4.627,4.823,84573,259.33154278,33.10011389
603728,2604,1777,1,4.471,4.504,85112,260.92071556,37.14592472
603726,2604,1774,1,5.022,3.292,84380,258.76188833,36.80915611
603727,2604,1775,1,4.657,4.623,84606,259.41785417,37.29135194
749692,3070,1595,1,4.632,3.577,81833,250.72391361,38.92245444
748835,3066,2213,1,4.177,4.193,81126,248.52578611,42.43690389
881290,3510,1876,1,3.581,3.763,86414,264.86621611,46.00632194
883559,3523,1684,1,4.246,2.381,87833,269.15157222,51.48894944
598323,2578,1609,1,6.075,4.908,77655,237.80807278,35.65819222
598142,2577,1754,1,4.847,4.962,76669,234.84451028,36.63582778
598560,2579,2094,1,6.029,4.845,79119,242.24303139,36.49015333
746865,3057,2021,1,5.278,4.664,77760,238.16754222,42.45006333
877116,3492,1909,1,3.701,3.854,79992,244.93519889,46.31327583
749047,3067,1842,1,4.155,4.216,79101,242.19249472,44.93482528
596590,2570,1521,1,4.667,4.334,75411,231.12304972,37.37697139
746466,3055,2340,1,5.105,4.992,76041,232.94579917,40.89936556
876877,3491,1859,1,4.596,4.694,78592,240.69938667,46.03684528
878907,3500,2419,1,4.935,4.838,82321,252.30916722,45.98344333
883217,3521,1800,1,3.98,2.874,85670,262.60823167,52.30135972
1005584,3892,1620,1,5.171,4.899,85819,263.04343111,55.18411472
1005585,3892,1621,1,5.185,4.87,85829,263.06617972,55.17281222
1008886,3910,1710,1,5.253,3.853,87585,268.38180861,56.87246222
1003847,3882,2597,1,5.269,4.881,82020,251.32411861,56.7816975
592591,2547,1181,1,6.878,4.94,67665,207.94787444,34.44431528
451533,1996,2400,1,4.946,4.304,64394,197.97039389,27.87601972
451534,1996,2401,1,6.727,4.952,64022,196.79462222,27.6248975
591918,2543,1189,1,5.215,4.98,66458,204.36538583,36.2948425
591750,2542,1094,1,5.413,4.978,66257,203.69895778,37.18243667
593388,2552,1081,1,6.143,4.913,69879,214.49923361,35.50947361
743126,3036,1151,1,3.266,3.043,71075,218.01981222,38.30790306
873309,3472,1264,1,4.274,4.181,69732,214.09653667,46.08793778
874342,3478,1333,1,5.002,4.763,69713,214.04193194,51.36702528
873141,3471,1250,1,4.754,4.535,69483,213.37063417,51.78999
740240,3021,2645,1,2.788,2.845,63125,194.00763222,38.3182475
740591,3022,2306,1,5.074,4.737,64844,199.38597667,40.57256556
739918,3020,2541,1,4.955,4.309,61317,188.43780944,41.35681167
870388,3458,2328,1,5.864,4.859,60485,186.00618111,51.56223167
872412,3466,1270,1,4.84,4.685,66234,203.61404167,49.01591
997531,3851,1506,1,6.782,4.828,66738,205.18454833,54.68165917
997350,3850,1384,1,4.203,4.007,65477,201.30592361,54.98799833
995106,3837,1070,1,3.41,3.298,59774,183.85605417,57.03259861
1001084,3870,1962,1,5.28,4.987,78180,239.44827944,54.7495125
874341,3478,1332,1,4.63,4.1,70497,216.30004639,51.85167972
1002125,3875,1620,1,4.805,3.421,75458,231.23243,58.96602417
1094473,4186,1373,1,6.592,4.865,73199,224.3963125,65.93238694
1004051,3883,1543,1,4.633,4.055,78527,240.47369444,58.56448083
1095445,4190,2568,1,3.85,2.801,80331,245.99794306,61.51408333
1099605,4210,1048,1,3.016,3.132,83895,257.19677278,65.71463972
1096228,4193,2534,1,6.393,4.977,81660,250.22966361,64.58908389
1097226,4197,2429,1,5.45,4.937,82860,254.00573194,65.13467889
1156765,4428,1960,1,5.279,4.821,86201,264.23788111,68.75723278
1154078,4419,2886,1,4.898,4.942,80650,246.99604611,68.76805889
1158651,4436,1425,1,5.057,4.6,86614,265.48461611,72.14946139
1091880,4174,1262,1,3.598,3.628,68756,211.09759694,64.37581194
1091879,4174,1261,1,6.659,4.783,67627,207.85807583,64.72328306
1148016,4394,1870,1,3.718,3.849,61281,188.37099167,69.78821139
1152846,4414,2314,1,3.09,3.011,75097,230.18228278,71.83397722
1153346,4416,1799,1,3.998,2.215,72607,222.67663,74.15547611
1189472,4567,1764,1,5.378,4.991,79822,244.37704194,75.75473028
1188531,4563,2708,1,4.332,4.279,77055,236.01443639,77.79449889
1192034,4580,1154,1,5.335,4.312,82080,251.49236111,82.03724778
1187297,4559,3017,1,6.109,4.401,70692,216.88134639,75.69594222
1187949,4561,2317,1,6.598,4.963,69112,212.21252139,77.54743833
1207799,4655,1053,1,4.38,4.34,85822,263.053745,86.58633667
116391,536,2354,1,4.552,3.993,104987,318.95582806,5.24806333
247048,1109,2583,1,5.087,4.544,104858,318.61996389,10.00769306
246833,1108,2583,1,5.014,4.703,104521,317.58530139,10.13192361
243515,1096,1684,1,3.871,4.002,101421,308.30318722,11.30333056
367924,1634,3055,1,4.762,4.453,102281,310.86477111,15.07468028
367925,1634,3056,1,5.534,4.356,102532,311.66465694,16.12476
250364,1125,2186,1,4.391,2.533,107315,326.04642194,9.87500917
380118,1670,918,1,5.798,4.454,107348,326.12787861,17.35004
380341,1671,986,1,5.493,4.2,105502,320.52140917,19.80436583
512948,2188,2203,1,6.598,4.7,106140,322.48700417,23.63883111
514553,2193,2017,1,4.632,4.185,107354,326.16127611,25.64500472
517325,2201,2078,1,5.223,4.745,107310,326.03507722,28.74316972
244841,1100,1719,1,4.768,4.66,101589,308.82712389,14.67418528
359401,1618,2331,1,5.028,4.954,99742,303.56911139,15.19747
244842,1100,1720,1,4.152,3.677,101769,309.38697167,14.59519833
367611,1633,2442,1,3.703,3.753,101958,309.90940361,15.91205361
372857,1645,2169,1,4.774,4.798,101867,309.63038889,21.20118056
363267,1624,3414,1,5.574,3.668,98337,299.68912639,19.49209583
355067,1606,2342,1,5.698,4.488,96837,295.26222472,17.47611944
355066,1606,2341,1,5.325,4.458,96757,295.02409611,18.01393639
360148,1619,3542,1,5.522,3.956,97365,296.84693611,18.53426056
355804,1609,2082,1,4.869,4.974,96275,293.64536833,19.77339861
489392,2140,3054,1,4.694,4.86,97679,297.76706111,22.61008333
489388,2140,3051,1,4.563,4.631,97886,298.36534111,24.0795275
500086,2159,2068,1,4.538,4.725,99824,303.81621306,25.59196167
502026,2163,1794,1,6.138,4.656,99874,303.94231694,27.81423056
509431,2179,2496,1,5.603,4.66,103004,313.03218111,27.09712056
652264,2702,2764,1,4.446,3.3,104732,318.23408833,30.227075
643349,2687,2651,1,5.556,4.334,102453,311.41566278,30.71966028
642297,2685,1920,1,4.484,4.044,101076,307.34887917,30.3685575
636360,2676,1688,1,6.167,4.574,100587,305.96498611,32.19018528
656379,2710,2647,1,4.24,4.361,105138,319.47945056,34.8968825
648177,2695,4139,1,3.79,2.57,102488,311.55184722,33.96950833
650575,2699,3425,1,4.601,4.734,102589,311.852195,36.49073833
521903,2221,1666,1,5.325,4.068,112440,341.63268722,23.56567722
522728,2225,1821,1,4.682,3.604,112748,342.50044333,24.60168083
526418,2243,1831,1,4.61,2.654,113881,345.94307722,28.08247361
524484,2232,1590,1,4.775,4.789,112051,340.43920639,29.30768694
666471,2736,1823,1,3.998,3.016,112158,340.75053778,30.22130833
518868,2208,2471,1,4.275,3.809,109176,331.75201083,25.34505028
523958,2230,2066,1,4.762,4.792,110371,335.33052806,28.33051694
662308,2724,2354,1,4.829,4.325,109410,332.49688361,33.17826278
799067,3199,3591,1,5.995,4.277,109937,333.99237667,37.74873417
799426,3201,94,1,4.599,4.839,111841,339.81532861,39.05028167
812722,3243,1412,1,4.169,4.266,116631,354.53408167,43.26807611
813047,3244,1530,1,4.051,4.126,116805,355.10184889,44.33397667
807725,3224,3434,1,3.515,3.611,113726,345.4801975,42.32597806
935394,3638,2515,1,5.103,3.964,116584,354.39048917,46.45910778
791829,3183,3283,1,6.271,4.99,106551,323.69367167,38.53383806
800594,3203,2402,1,6.313,4.657,109754,333.46959917,39.71489611
785815,3169,3876,1,4.202,3.776,104887,318.69729222,38.04438222
787629,3173,3151,1,4.343,4.248,105102,319.35396917,39.39469
910422,3591,3421,1,5.084,4.082,106481,323.4953,45.59205667
921394,3612,3062,1,4.065,4.208,107533,326.69835861,49.30957528
915873,3603,3215,1,4.512,4.648,107136,325.52358111,51.1896275
802949,3209,2260,1,4.375,4.493,111104,337.62192472,43.12338722
808380,3226,2285,1,6.195,4.64,111944,340.12827583,44.27628139
932015,3631,2230,1,5.986,4.759,113919,346.04516139,50.05170639
918172,3607,2600,1,4.407,4.523,110351,335.25637194,46.53656583
920708,3611,2304,1,6.453,4.546,111022,337.38259528,47.70689472
930500,3628,3193,1,3.784,3.758,111169,337.82242333,50.28245083
932016,3631,2231,1,4.871,4.558,114570,348.13719111,49.40598694
1047551,4005,2471,1,4.877,4.991,118243,359.75221028,55.75493861
1049445,4009,2605,1,6.024,4.628,117863,358.59598861,57.49939056
1050874,4013,1825,1,6.309,4.998,117301,356.76412722,58.65186
923493,3615,3021,1,4.65,4.591,110609,336.12914806,49.47640083
926408,3619,4081,1,5.706,4.542,110538,335.89014722,52.22948028
932653,3632,3260,1,4.933,4.662,111674,339.34359889,51.54536083
1050249,4011,1296,1,4.731,4.866,115990,352.50800139,58.54891222
1042828,3997,2306,1,4.756,4.829,114104,346.653375,59.41976417
483541,2129,2772,1,6.382,4.61,95771,292.17670639,24.66515056
485709,2133,2963,1,4.863,4.683,95951,292.68914306,27.9652725
485710,2133,2964,1,4.439,3.186,95947,292.68036222,27.95968139
493843,2149,1880,1,4.874,4.675,98543,300.27504833,27.75356444
622867,2656,5248,1,5.894,4.78,96683,294.84418528,30.15323806
488168,2137,3101,1,4.822,4.957,95372,291.03154972,29.62131306
615724,2643,3346,1,3.181,3.217,93194,284.73593528,32.68955306
627688,2663,1148,1,4.546,4.709,96052,292.94300389,34.45297639
630644,2668,995,1,6.072,4.991,97118,296.06897639,37.35427278
647467,2694,2168,1,6.625,4.815,101474,308.47578278,35.25086444
641228,2683,3961,1,4.749,4.904,99303,302.35673611,36.83959083
637058,2677,1816,1,5.189,4.008,98110,299.07664861,35.08348667
641229,2683,3962,1,5.121,4.962,99770,303.63326583,36.80614139
775872,3151,3442,1,5.221,4.837,100044,304.44668222,38.03294528
786742,3171,2186,1,3.95,3.932,103413,314.29338417,41.16718972
778781,3156,2223,1,3.04,2.273,100453,305.557085,40.25668111
768032,3137,3765,1,4.824,4.93,98068,298.96567222,38.48670361
893783,3557,2486,1,2.866,2.893,97165,296.24351972,45.13069611
894856,3559,2797,1,5.329,3.929,99675,303.40793111,46.74132306
894855,3559,2796,1,4.942,4.832,99639,303.32517778,46.81566944
905380,3581,2031,1,4.813,4.92,101138,307.51471583,48.95155139
902848,3576,2157,1,5.907,4.157,99848,303.86799222,47.71420417
615213,2642,2929,1,3.682,3.631,92420,282.51997417,33.36267833
619232,2651,2548,1,6.302,4.464,92791,283.62620194,36.89860639
759731,3118,2080,1,4.57,4.342,91971,281.19307056,37.60505417
761080,3121,2287,1,5.962,4.476,94713,289.09206278,38.13372667
761078,3121,2285,1,4.203,4.373,94481,288.43953639,39.14597139
764612,3131,2155,1,5.998,4.355,92862,283.83369083,43.94590167
897067,3564,3157,1,4.942,4.534,96441,294.11059361,50.22049
892759,3555,2112,1,3.939,3.775,95853,292.42641806,51.72948278
1011209,3920,1971,1,4.978,3.884,94779,289.27546694,53.36817083
1009514,3913,2269,1,5.516,4.832,90905,278.14384361,57.045615
1014378,3930,1790,1,6.129,4.765,92512,282.80004778,59.38829139
790222,3180,2696,1,5.829,3.88,104060,316.23273389,43.92785167
789838,3179,1354,1,4.601,4.749,103089,313.3114425,44.38726639
904557,3579,4461,1,4.63,4.735,103632,314.95646139,47.520945
911035,3592,7443,1,6.584,4.703,104194,316.65037111,47.64840694
902370,3575,6709,1,5.241,4.89,102724,312.23455722,46.11413972
1020265,3945,1798,1,4.419,4.287,99655,303.34918194,56.56753111
1024663,3959,1685,1,5.156,4.571,102431,311.33831,57.58027833
1111114,4252,1870,1,2.725,2.458,105199,319.64412556,62.58546111
1109317,4246,1967,1,4.569,3.511,102422,311.32197722,61.83687111
1039345,3990,2431,1,4.515,4.208,109857,333.757095,57.04347028
1033141,3981,1590,1,5.38,3.51,109492,332.71359194,58.20125
1041896,3995,1479,1,5.097,4.207,110991,337.29269944,58.4151925
1032501,3979,1616,1,6.993,4.267,107259,325.8768975,58.78005194
1113828,4262,2279,1,4.85,4.349,107418,326.362205,61.12081167
1118387,4277,1102,1,4.837,3.611,112724,342.42044889,66.20069667
1167364,4478,1361,1,6.002,4.971,115088,349.65587472,68.11141861
1111432,4253,2243,1,5.06,4.807,106801,324.48010778,62.08194639
1116878,4271,2620,1,4.813,4.446,108917,330.94652667,64.62776694
1166112,4471,1685,1,5.941,4.888,109400,332.45154083,72.34120028
1196504,4601,3531,1,5.574,4.609,114222,346.97433139,75.38757639
1107066,4237,2168,1,4.45,4.228,101093,307.39512528,62.99413583
1160712,4446,1736,1,6.247,4.653,98702,300.70436639,67.87345389
1161394,4449,2652,1,5.07,4.01,97433,297.04258361,70.26783556
1104156,4229,1852,1,4.629,4.58,95081,290.16696833,65.714435
1160216,4444,2239,1,4.322,3.165,94376,288.13817889,67.66132639
1102576,4222,2311,1,6.345,4.955,90344,276.49582667,65.5635425
1161169,4448,2481,1,5.657,4.757,96100,293.08598722,69.66516861
1162668,4456,2107,1,6.087,4.593,94648,288.88867306,73.35522639
1159198,4439,1995,1,6.29,4.942,92782,283.59905556,71.29709472
1158819,4437,1492,1,4.13,4.21,89908,275.189275,71.33773139
1158818,4437,1491,1,4.15,3.614,89937,275.25994278,72.73365667
1164953,4465,2643,1,2.937,3.173,106032,322.16490028,70.560695
1165919,4470,1875,1,5.965,4.659,107119,325.47953056,71.31119778
1197797,4606,3584,1,4.529,3.322,116727,354.83739417,77.63197861
1194113,4589,3106,1,4.336,4.391,99255,302.22215889,77.71136528
1206699,4650,3037,1,6.414,4.916,112519,341.87062722,83.15372167
1206698,4650,3036,1,6.557,4.85,113116,343.60173611,84.34612111
1583416,6418,1221,1,4.845,4.999,183,0.58297917,-29.72044667
1728475,6988,1337,1,4.578,4.572,117452,357.23117889,-28.13002944
1445445,5842,1163,1,6.593,4.629,1170,3.66013111,-18.93269528
1446449,5847,2333,1,3.343,2.139,3419,10.89682139,-17.98667833
1324683,5269,2450,1,6.042,4.878,3455,11.04752083,-10.60928833
1725815,6972,1268,1,5.611,4.584,114119,346.67004194,-23.74311722
1580833,6401,1356,1,5.505,4.802,114375,347.47865306,-22.45759361
1580832,6401,1355,1,5.259,3.807,114341,347.3615175,-21.17248222
1581974,6409,1232,1,4.778,4.759,116247,353.31927194,-20.91452833
1580973,6402,1223,1,6.319,4.538,115669,351.51173056,-20.64186833
1580971,6402,1221,1,5.349,4.072,115438,350.74290389,-20.10035361
1581658,6407,1131,1,5.82,4.906,116901,355.440825,-17.81653417
1578750,6389,1377,1,6.463,4.83,112211,340.89688056,-18.8303125
1578383,6387,1382,1,3.348,3.258,113136,343.66265806,-15.82076333
1444785,5838,1288,1,4.472,4.527,301,0.93489083,-17.33597056
1444951,5839,1081,1,5.455,4.95,910,2.81627194,-15.46735389
1444487,5836,979,1,4.442,4.478,116971,355.68036972,-14.54474667
1323225,5261,1084,1,5.107,3.674,1562,4.85700944,-8.82383472
1442015,5821,1482,1,4.974,4.999,115115,349.74022139,-9.61073417
1442014,5821,1481,1,4.213,4.373,115033,349.47585333,-9.18249056
1209339,4669,997,1,6.476,4.576,154,0.48997278,-6.01397583
1209338,4669,996,1,5.935,4.727,443,1.33393722,-5.70782306
1322462,5256,1131,1,6.05,4.989,118209,359.66836333,-3.5558125
1449075,5855,2292,1,4.38,3.572,8102,26.02116,-15.93950444
1327659,5278,2438,1,5.054,4.694,8497,27.39661833,-10.68618667
1327658,5278,2437,1,5.187,3.851,8645,27.86504722,-10.33494611
1326005,5273,2657,1,4.951,3.573,5364,17.14695583,-10.18193806
1326338,5274,1984,1,4.965,3.722,6537,21.00603417,-8.18275694
7756,46,1633,1,3.794,4.029,12387,39.87062306,0.32851556
8388,50,1721,1,3.644,3.551,12706,40.82550083,3.23616611
5572,33,1213,1,5.796,4.709,8833,28.38891056,3.18748056
6709,40,1338,1,4.048,4.1,9487,30.51167361,2.76375639
132764,631,1493,1,5.464,4.453,10324,33.2500425,8.84675139
1210080,4674,1183,1,6.822,4.941,4147,13.25204417,-1.14422056
128193,604,1301,1,6.399,4.594,3786,12.17040722,7.5851975
5811,35,435,1,6.212,4.587,7884,25.35794583,5.48760472
5745,34,1287,1,6.628,4.995,7007,22.54563972,6.14393167
131094,622,574,1,5.477,4.368,8198,26.34829917,9.15764194
129474,612,1446,1,5.479,4.364,4906,15.73605306,7.89007694
264589,1198,1597,1,4.842,3.712,7097,22.87081639,15.34583139
1440798,5814,1593,1,4.765,4.815,111123,337.66173028,-10.67788722
1441691,5819,1247,1,6.094,4.211,112716,342.39795333,-13.59254194
1440591,5813,1406,1,5.873,3.934,112961,343.15360611,-7.57967444
1439665,5808,1683,1,4.186,4.261,109139,331.60919361,-13.86954167
1438755,5803,1996,1,5.398,4.268,110003,334.20821222,-7.78323889
1442013,5821,1480,1,5.66,4.363,114855,348.97203917,-9.08769694
1321420,5249,1400,1,6.263,4.406,114724,348.58055806,-6.04853833
123790,578,1415,1,4.982,4.923,115738,351.73295194,1.25582944
125064,586,1458,1,4.741,4.514,116928,355.51199028,1.78040139
1318624,5233,2298,1,3.923,4.012,111497,338.83888472,-0.11737
124123,580,1884,1,4.845,3.798,114971,349.28965667,3.28224444
124774,584,1515,1,5.647,4.394,115830,351.99235056,6.37909278
123956,579,1834,1,4.339,4.461,113889,345.96919667,3.82007083
1436680,5787,1291,1,4.888,4.7,106786,324.43769222,-7.85414556
1315961,5216,1725,1,3.915,2.958,106278,322.88967194,-5.5711575
1317011,5224,1808,1,4.672,4.765,108874,330.82845694,-2.15533806
1317359,5226,1606,1,3.782,3.827,110395,335.41376861,-1.38735194
1317357,5226,1605,1,4.79,4.338,110960,337.20752944,-0.02005472
1317358,5226,1605,2,4.887,4.492,110960,337.20733083,-0.02054389
1317009,5224,1806,1,4.161,3.033,109074,331.44594,-0.31982778
120294,560,1818,1,4.568,4.76,110672,336.31922139,1.37739222
120888,563,1818,1,6.127,4.906,110882,336.96449722,4.69637028
255146,1153,1559,1,4.904,4.902,113186,343.80678083,8.81609861
256932,1160,1745,1,6.566,4.715,114144,346.75106972,9.40952278
255682,1155,2187,1,3.297,3.378,112029,340.36532222,10.83138889
255681,1155,2186,1,4.779,4.251,112447,341.67271694,12.17402028
121376,565,1999,1,3.612,3.519,109427,332.54928889,6.19779167
253799,1146,1242,1,4.668,4.789,110386,335.37946611,12.20517333
126238,593,1697,1,4.493,4.06,118268,359.82753972,6.86357944
125900,591,1744,1,4.718,4.176,116771,354.98681778,5.6273025
260668,1179,1775,1,2.565,2.769,1067,3.30895917,15.18361667
265412,1202,2126,1,5.955,4.771,5571,17.86331528,21.03467333
262002,1185,2319,1,6.84,4.983,1168,3.65046139,20.20669694
395519,1740,2109,1,5.602,4.499,4463,14.301775,23.41775861
395304,1739,2317,1,5.488,4.199,3693,11.83494361,24.26736278
258458,1168,1611,1,5.725,4.638,115919,352.28859389,12.76049556
388528,1711,2475,1,2.456,2.452,113963,346.19008028,15.20536333
525343,2237,1660,1,5.145,4.49,115623,351.34444167,23.40401778
525342,2237,1659,1,4.788,4.602,115250,350.15926472,23.74035833
525667,2239,1475,1,6.424,4.9,114155,346.77807917,25.46833528
529169,2255,2883,1,6.678,4.832,118131,359.43978667,25.14147583
396592,1744,2936,1,5.428,4.44,3031,9.6395475,29.31232667
533241,2275,1753,1,4.936,3.405,3092,9.83166556,30.86121889
1750685,7083,1772,1,4.865,4.977,29034,91.88179889,-37.25292028
1749931,7080,2123,1,5.625,4.472,29807,94.13806389,-35.14072222
1746418,7066,2024,1,4.134,4.32,28199,89.38421639,-35.28330611
1746988,7069,1482,1,4.611,3.231,27628,87.73981,-35.76925333
1746417,7066,2023,1,4.687,4.845,27810,88.27868667,-33.80143528
1749130,7077,2060,1,4.91,3.93,30277,95.52851861,-33.43627889
1749433,7078,2130,1,4.252,4.436,30788,97.04257111,-32.58012528
1748005,7073,2426,1,2.783,2.961,30122,95.07828028,-30.06337694
1746028,7064,1357,1,2.514,2.608,26634,84.91225083,-34.07405361
1612063,6523,3722,1,2.906,2.999,33977,105.75614,-23.83330028
1611424,6522,3271,1,6.168,4.041,33152,103.53314667,-24.18422306
1605809,6507,2920,1,4.03,4.286,31125,97.96403444,-23.41843667
1606244,6508,2872,1,4.49,4.517,31416,98.76408361,-22.96483028
1482951,5974,3954,1,4.881,4.941,35727,110.556375,-19.01658528
1473973,5958,3292,1,4.536,4.773,33092,103.38712611,-20.22426278
1473972,5958,3291,1,5.097,4.708,33302,103.90583556,-20.13658861
1478434,5967,2618,1,4.279,4.371,33347,104.03427667,-17.05424611
1476160,5963,1938,1,3.949,4.078,34045,105.939555,-15.63325944
1473143,5956,2621,1,5.304,4.068,31592,99.17083167,-19.2557175
1471787,5952,2800,1,5.931,4.564,31700,99.47260722,-18.23745583
1355378,5390,2169,1,6.756,4.986,31827,99.81965278,-14.14574778
1354614,5388,2234,1,5.94,4.23,33160,103.54780972,-12.03859583
1464455,5927,1581,1,4.665,4.723,24927,80.11213222,-21.23974
1461232,5913,1374,1,5.102,3.334,23685,76.36521722,-22.37086722
1465174,5930,2197,1,4.162,3.638,27072,86.11651889,-22.44753528
1465172,5930,2195,1,5.016,3.879,27654,87.82983889,-20.87759167
1464670,5928,1657,1,3.837,2.901,25606,82.06135806,-20.75924472
1462793,5920,1685,1,2.847,2.587,25985,83.18255667,-17.8222925
1460376,5908,1410,1,4.828,4.877,23362,75.35649556,-20.0518825
1457901,5895,1948,1,6.391,4.528,21763,70.11039444,-19.67126722
1459325,5902,1721,1,3.146,3.247,24305,78.23280972,-16.20543222
1341646,5343,1529,1,3.966,4.239,24845,79.89385694,-13.17677833
1340756,5338,1447,1,4.327,4.434,24327,78.3078525,-12.94128944
1340754,5338,1445,1,4.331,4.436,24244,78.07453444,-11.86914722
1465639,5932,1539,1,5.191,4.988,28816,91.246385,-16.48442833
1349056,5375,2589,1,4.897,4.987,29735,93.93699694,-13.71838833
1345056,5361,1758,1,4.723,4.669,28910,91.53889056,-14.93528694
1344795,5360,1370,1,4.096,3.738,28103,89.10132306,-14.16803028
1344587,5359,1778,1,3.671,3.541,27288,86.738955,-14.82194806
1343303,5353,1318,1,4.853,4.992,28574,90.46010806,-10.59793722
1339694,5332,1832,1,5.351,4.237,25247,80.98681778,-7.80795833
1229780,4779,700,1,4.947,4.79,26563,84.72121194,-7.21271056
1229663,4778,1407,1,4.281,4.565,25923,82.98275194,-7.3015275
1229659,4778,1403,1,4.436,4.702,26199,83.76117417,-6.00202528
1229658,4778,1401,1,2.485,2.715,26241,83.85825222,-5.90989889
1233908,4795,1769,1,5.694,4.117,29651,93.71389861,-6.27472972
1231490,4786,2368,1,6.102,4.669,28413,90.01394,-3.07408778
1368989,5414,2746,1,5.23,4.039,37447,115.31197694,-9.55108472
1261559,4857,2151,1,3.868,3.876,41307,126.41528833,-3.90636472
1259946,4851,2878,1,5.57,4.456,39863,122.14857194,-2.98377667
53465,215,2021,1,4.037,4.248,42799,130.80619028,3.39866528
53466,215,2022,1,6.011,4.577,42402,129.6893675,3.34147556
1258692,4846,2652,1,6.609,4.853,39211,120.30541194,-1.39242917
50083,198,2137,1,6.019,4.524,39311,120.566465,2.33432
173998,794,1622,1,5.475,3.684,40526,124.12894389,9.18566361
1248250,4822,3679,1,4.719,4.937,33971,105.7282475,-4.23923944
1244031,4815,3816,1,4.134,4.136,34769,107.96608528,-0.49278028
31855,152,2580,1,5.887,4.593,32578,101.96523583,2.41218833
26577,141,2452,1,4.629,4.423,30419,95.94207361,4.59283944
157325,747,2464,1,6.591,4.923,32533,101.83267944,8.03728083
165248,764,2774,1,2.761,2.838,36188,111.7877925,8.28940417
165246,764,2772,1,6.178,4.48,36284,112.04094528,8.92550639
168353,772,1775,1,6.195,4.676,36425,112.44909417,12.0066075
296407,1346,1396,1,3.709,3.575,35350,109.52335333,16.54046972
1338573,5327,1434,1,5.349,4.023,21594,69.54528528,-14.30359722
1339103,5329,2016,1,5.094,4.804,23231,74.98214306,-12.53721389
1339290,5330,1723,1,4.002,4.211,23972,77.28659778,-8.75407611
1226904,4762,1492,1,4.562,4.752,23364,75.35977,-7.17397944
1223615,4745,1841,1,4.672,4.395,22701,73.223665,-5.452755
1334685,5312,2325,1,5.44,4.506,19849,63.82323167,-7.6448675
1221371,4732,1970,1,4.423,4.067,19587,62.96638889,-6.8377725
1222396,4738,1484,1,3.681,3.896,21444,69.07975444,-3.35244806
1227275,4764,1639,1,3.438,3.556,24674,79.40166028,-6.84438583
1229018,4774,928,1,4.385,4.607,26237,83.84650444,-4.83834083
1226335,4759,1671,1,2.949,2.779,23875,76.96263,-5.08626833
1225908,4757,1588,1,3.367,3.564,25281,81.11923861,-2.39713694
1225909,4757,1588,2,4.71,4.871,25281,81.11970417,-2.39703472
1228588,4771,1196,1,3.521,3.763,26549,84.68652278,-2.60006861
1227909,4767,1404,1,4.686,4.9,26736,85.21131389,-1.12878639
1225076,4753,1894,1,6.774,4.884,25737,82.43325556,-1.09217778
1224843,4752,1608,1,4.489,4.678,25044,80.44061306,-0.3824675
17424,101,2568,1,4.636,4.837,25302,81.18677861,1.84644667
22106,123,2200,1,4.375,4.503,26594,84.79644111,4.12146694
1222740,4740,1916,1,3.82,3.981,22109,71.37559278,-3.254625
14368,85,2362,1,6.283,4.62,23123,74.63709194,1.71403361
15066,89,2558,1,3.465,3.657,22797,73.56289806,2.44067139
17857,103,2863,1,6.076,4.62,24331,78.32283194,2.86125361
18380,105,2801,1,4.332,4.574,25473,81.70928361,3.09567694
18379,105,2800,1,4.775,4.951,25142,80.70833667,3.54444833
22729,126,1899,1,4.279,4.439,25813,82.69603333,5.94821472
1219052,4721,1218,1,5.814,4.804,18255,58.57286083,-2.95473667
1219241,4722,1534,1,4.611,4.71,16341,52.65437611,-5.07516222
10776,64,1569,1,4.973,4.353,16852,54.21879528,0.40278389
9909,59,1947,1,5.67,4.919,15457,49.83978667,3.36998
15580,92,2345,1,3.458,3.638,22549,72.80152361,5.60510167
16288,96,1462,1,3.723,3.222,22449,72.45896806,6.96124889
139521,683,1217,1,4.369,4.343,22509,72.65300583,8.90025333
138632,673,1488,1,4.454,4.272,21402,68.91347889,10.16091639
140346,688,1867,1,4.749,4.659,22845,73.72377139,10.15114972
141286,696,1790,1,5.577,4.2,22957,74.09299,13.51457472
141284,696,1788,1,7.043,4.941,22667,73.13318167,14.25077389
13345,79,1585,1,3.939,3.888,18907,60.78907361,5.98930972
138127,667,839,1,4.19,4.267,19860,63.883525,8.89240861
137533,662,1546,1,3.265,3.388,18724,60.17008417,12.49037583
140613,690,1547,1,4.425,4.277,21589,69.53918833,12.510875
139208,681,1151,1,4.933,4.67,21273,68.46191361,14.84448667
274520,1266,1418,1,4.868,4.686,21683,69.81855944,15.91802333
139139,680,993,1,5.917,4.794,20732,66.65156944,14.71385944
274349,1264,1009,1,4.885,3.75,20205,64.9480725,15.62769722
274437,1265,1172,1,3.623,3.407,20894,67.16533028,15.87094694
274435,1265,1170,1,5.039,3.936,20885,67.14348667,15.96221667
274442,1265,1176,1,4.78,4.504,20713,66.58615028,15.61834694
274434,1265,1169,1,4.982,4.785,21029,67.63988361,16.19407583
274768,1269,1244,1,4.997,4.81,20542,66.02373861,17.44421278
274666,1268,1267,1,4.992,3.86,20455,65.73346389,17.54258444
274770,1269,1246,1,4.318,4.262,20648,66.37216778,17.92798528
20731,116,1329,1,6.554,4.909,27750,88.11017833,1.85515778
34868,158,3394,1,4.485,4.486,31216,98.22595806,7.33297833
158727,750,1880,1,4.374,4.642,31978,100.24442278,9.89576
146883,721,2468,1,4.333,4.152,28614,90.59579667,9.64737278
142207,701,2047,1,5.287,4.187,26366,84.22639556,9.29135722
142934,705,2401,1,4.181,4.367,26176,83.70515556,9.48958444
142933,705,2400,1,3.306,3.509,26207,83.78449167,9.93416083
155360,742,2472,1,4.231,4.413,29426,92.984985,14.20881194
149802,729,1980,1,4.199,4.371,29038,91.89301222,14.76852028
283497,1314,1954,1,4.768,4.923,29434,93.01365389,16.13044444
147485,723,1241,1,4.798,4.865,27511,87.38726028,12.6513625
160662,754,2356,1,3.853,3.377,32362,101.3226175,12.89602083
162439,758,2357,1,5.978,4.618,32249,100.99706028,13.22813361
163478,760,2586,1,5.058,4.751,33202,103.66081806,13.17800472
298839,1353,1550,1,5.099,4.05,34088,106.02722806,20.57029667
292582,1336,1812,1,3.975,4.102,30883,97.24079417,20.21216667
286285,1321,1515,1,4.893,4.662,28716,90.97993222,20.13845667
420260,1877,1716,1,5.451,3.519,29655,93.71956139,22.50682139
420686,1878,1429,1,5.005,3.064,30343,95.73997333,22.51383
427636,1897,1639,1,4.83,3.138,32246,100.98303861,25.13115139
276288,1282,2291,1,5.187,4.85,24010,77.42483139,15.59726917
276289,1282,2292,1,4.598,4.652,23607,76.14224611,15.40418028
278523,1298,373,1,4.679,4.816,26777,85.32379917,16.53417194
285878,1320,2118,1,5.103,4.462,27913,88.59615139,20.27639361
279294,1301,707,1,7.083,4.639,25945,83.05313167,18.59424667
281791,1310,2697,1,2.759,2.931,26451,84.41118306,21.14258917
281176,1308,2240,1,4.682,4.844,25539,81.90868333,21.93698278
276730,1286,403,1,5.699,4.986,23835,76.86124083,18.64500722
277815,1293,2747,1,4.825,4.633,23497,75.7737775,21.59006028
415335,1864,2011,1,5.208,4.261,28734,91.03006917,23.26360972
415989,1866,2598,1,6.174,4.987,27468,87.25399528,24.56755472
416389,1867,3204,1,4.703,4.806,28237,89.49857306,25.95391583
417908,1871,2618,1,4.54,4.55,27830,88.33184972,27.61228417
424703,1889,861,1,5.613,4.434,29696,93.84472361,29.49867972
558345,2407,2149,1,5.049,4.763,25984,83.18197944,32.19203222
562286,2418,1571,1,6.858,4.917,27639,87.76004611,37.30568333
562287,2418,1573,1,2.552,2.602,28380,89.93016694,37.21274722
713956,2912,1835,1,5.415,4.087,27673,87.87247278,39.14848083
1802325,7226,1650,1,4.241,4.345,57936,178.22735333,-33.90808972
1801979,7224,1785,1,4.594,4.674,56922,175.05341333,-34.74465667
1800636,7216,1261,1,4.717,3.632,56343,173.25105083,-31.85752806
1666738,6672,995,1,4.391,4.054,59199,182.10315222,-24.72878194
1666198,6668,992,1,4.732,3.138,59316,182.53134528,-22.61979139
1668174,6683,1116,1,3.766,2.721,61359,188.59680778,-23.39663611
1525092,6116,1517,1,5.612,4.81,64924,199.60389806,-18.30866556
1522648,6103,2395,1,2.918,2.926,60965,187.46657278,-16.51509944
1521537,6098,1754,1,2.458,2.532,59803,183.95192472,-17.54198194
1522647,6103,2394,1,4.728,4.338,61174,188.01863111,-16.19586583
1662638,6644,1331,1,5.351,4.956,54204,166.33344528,-27.29359694
1663464,6649,1274,1,4.486,4.452,54682,167.91452667,-22.82561861
1521094,6096,2032,1,5.93,4.813,57283,176.19066806,-18.35061778
1519331,6088,2155,1,4.302,4.091,55705,171.22074417,-17.68401694
1517441,6079,1901,1,5.483,4.195,53740,164.94470222,-18.29908861
1516576,6075,1831,1,4.727,3.234,52943,162.40597972,-16.19410722
1392137,5514,1423,1,4.987,3.674,55282,169.83549806,-14.77902333
1391496,5510,1508,1,4.59,4.662,56633,174.17060917,-9.80225417
1391804,5512,1389,1,6.83,4.986,55687,171.15251861,-10.85937944
1525801,6120,921,1,6.159,4.873,65639,201.8634725,-15.97363
1395575,5535,1713,1,6.842,4.975,62985,193.58822306,-9.53894611
1279787,4963,1316,1,4.386,4.395,64238,197.48754194,-5.53892111
1281090,4972,1456,1,6.813,4.897,66006,202.99142778,-6.25570972
1282609,4982,1645,1,4.677,4.126,69701,214.00368306,-5.99956194
1281826,4977,1458,1,5.678,4.918,70755,217.05090056,-2.22794972
71505,326,1426,1,3.72,3.716,72220,221.56244694,1.89293444
69931,316,1271,1,4.362,4.25,68520,210.41159722,1.54458194
1280188,4966,1366,1,3.522,3.38,66249,203.67393694,-0.59593833
70122,317,1590,1,4.841,4.964,69389,213.06595139,2.40949389
1394459,5528,1471,1,6.252,4.783,61740,189.81170889,-7.99550611
1277640,4949,1120,1,3.872,3.484,61941,190.416595,-1.44951389
1277641,4949,1120,2,3.916,3.528,61941,190.41588667,-1.44934083
1276286,4940,1158,1,3.911,3.874,60129,184.97662,-0.66674833
66762,294,1032,1,5.382,3.577,63090,193.90196472,3.3975975
69034,310,1430,1,4.975,4.916,66200,203.53294417,3.65902667
68334,305,948,1,6.958,4.976,64852,199.40119389,5.46984583
189869,886,1326,1,3.996,2.917,63608,195.54480139,10.95910417
1514408,6061,1134,1,5.771,3.985,51069,156.52291722,-16.83610722
1387049,5485,1309,1,4.481,4.574,49402,151.28121056,-13.06467139
1387050,5485,1310,1,4.882,3.707,49841,152.64746083,-12.35385444
1274180,4925,1610,1,4.703,4.477,55084,169.16566972,-3.65151778
1275294,4933,1387,1,6.77,4.929,56127,172.57867417,-3.00346139
1274911,4930,1093,1,5.559,4.414,56647,174.23720806,-0.82385111
63798,273,924,1,4.256,3.649,57757,177.67212306,1.76535778
1273690,4921,1207,1,6.841,4.912,53907,165.45695528,-2.48449944
63443,270,1148,1,3.972,4.031,55434,170.28435361,6.02935278
62774,265,1270,1,6.342,4.968,53807,165.14016472,3.61753333
63183,268,1064,1,5.175,4.998,53824,165.18679667,6.10150111
63184,268,1067,1,5.009,4.66,54182,166.25507944,7.33611833
1268615,4894,2529,1,5.605,4.036,47431,144.96389861,-1.14266194
1270549,4903,1750,1,4.443,4.473,49641,151.98456417,-0.37162944
1267211,4885,1568,1,5.118,4.64,46509,142.28684639,-2.76895583
1268614,4894,2528,1,4.676,4.562,46776,142.99556083,-1.18465417
55689,227,2544,1,3.803,3.853,45336,138.59082444,2.31498472
58174,238,2476,1,6.407,4.818,47310,144.61407306,4.64940861
182822,838,1485,1,3.636,3.806,51624,158.20281278,9.30659306
181300,829,1744,1,6.771,4.859,49029,150.0534275,8.04427417
181468,830,1496,1,6.268,4.532,49637,151.97631361,9.99765306
64455,278,925,1,6.003,4.209,57380,176.46487611,6.52979611
65636,286,1022,1,4.79,4.658,58590,180.21829333,6.61439222
188778,878,1102,1,4.958,4.877,61960,190.47087667,10.23583583
187107,866,1180,1,5.346,4.212,58948,181.30275444,8.73285278
186799,864,1209,1,5.045,4.864,57328,176.3208625,8.25817444
186007,858,1221,1,4.484,4.056,55642,170.98071806,10.52969667
319851,1450,1133,1,6.821,4.922,63355,194.73110194,17.40936444
320355,1454,1134,1,4.915,4.427,64241,197.49807139,17.52912194
318628,1445,2560,1,5.993,4.835,60202,185.17954222,17.79265972
449620,1990,3784,1,4.778,4.773,61394,188.71298278,22.62919167
451188,1995,2586,1,5.724,4.999,62763,192.92469889,27.54073472
316172,1437,2847,1,3.322,3.304,54879,168.56016056,15.42975778
317965,1443,2662,1,5.179,4.585,57565,176.99674889,20.21894111
315854,1436,1306,1,4.472,4.405,53954,165.58241833,20.17975083
316741,1439,2479,1,2.71,2.544,54872,168.52674111,20.52402083
447019,1981,2471,1,6.622,4.74,54951,168.80100806,23.095525
446001,1978,2295,1,4.484,4.477,53417,163.90352167,24.74975194
449278,1989,3210,1,5.384,4.859,60351,185.62633056,25.84618
449937,1991,1901,1,5.075,4.971,60746,186.74709861,26.82572194
449934,1991,1897,1,5.232,4.948,60697,186.60030472,27.26826111
449932,1991,1895,1,5.788,4.466,60742,186.73468611,28.26861056
1847618,7404,7057,1,5.153,3.298,89642,274.40717778,-36.761305
1840270,7389,2159,1,4.719,3.315,87261,267.46438722,-37.04337278
1702219,6856,2170,1,4.502,2.83,89931,275.24842889,-29.82804278
1841293,7391,2710,1,4.249,3.066,88635,271.45217611,-30.42368194
1701299,6854,4373,1,5.718,4.781,88567,271.25509472,-29.58007722
1701298,6854,4372,1,5.726,4.661,88839,272.02068167,-28.4570225
1699898,6852,5204,1,6.804,4.829,89678,274.51328667,-27.04263611
1834931,7377,1056,1,4.744,4.79,87220,267.29364167,-31.70318389
1691901,6836,118,1,5.537,4.656,87072,266.89011083,-27.83076556
1692838,6838,1112,1,4.749,4.317,85423,261.83859972,-29.86670028
1693742,6841,1403,1,4.695,4.72,88116,269.94815028,-23.81601972
1705226,6867,2428,1,3.031,3.126,92041,281.41398,-26.99077778
1703619,6861,3180,1,4.153,2.924,90496,276.99278306,-25.42127611
1560422,6295,2492,1,5.055,3.861,93683,286.17057,-21.74135944
1560127,6295,282,1,3.296,2.903,94141,287.44097361,-21.02353056
1563340,6304,334,1,6.168,4.991,94820,289.40868944,-18.95288472
1562701,6301,2457,1,4.185,3.935,95168,290.41822361,-17.84724833
1560048,6294,2507,1,5.042,3.636,93085,284.43242167,-21.106625
1553933,6276,3093,1,4.043,3.845,89341,273.44086806,-21.05883056
1417059,5702,2882,1,4.762,4.684,90595,277.29938333,-14.56580389
1690517,6826,368,1,4.813,4.795,85755,262.853965,-23.96257833
1691005,6829,577,1,3.009,3.212,84970,260.50243278,-24.99948833
1690372,6825,462,1,4.498,4.189,85340,261.59257306,-24.17502306
1542267,6246,664,1,4.822,4.431,84893,260.25092028,-21.11243444
1546098,6260,2072,1,5.399,4.914,86736,265.85771639,-21.68308944
1542666,6248,1369,1,3.847,3.553,86263,264.3967675,-15.39841417
1539198,6232,1333,1,2.597,2.477,84012,257.59438917,-15.72515972
1409108,5653,1431,1,4.375,4.329,84880,260.20682111,-12.84688194
1414322,5692,2505,1,5.114,4.734,91726,280.56842583,-9.0525525
1414018,5691,1338,1,5.573,3.991,91117,278.80182083,-8.24334917
1413909,5690,1263,1,5.866,4.77,90135,275.91481639,-8.93450611
1410350,5668,1486,1,4.339,4.24,86565,265.35380389,-12.87517889
1411599,5678,956,1,4.582,3.42,88048,269.75665278,-9.77336333
1409642,5660,589,1,4.724,4.616,86284,264.46133278,-8.11872417
1293761,5100,600,1,5.052,4.66,88175,270.12052,-3.69016556
1561322,6297,1419,1,4.644,4.579,95176,290.43176028,-15.95500333
1304832,5156,3185,1,4.892,4.942,96483,294.22270333,-7.02747056
1305795,5161,2682,1,3.156,3.208,99473,302.82610861,-0.82147528
1309113,5177,1878,1,5.486,4.409,101847,309.58447611,-1.10507833
1302584,5144,3103,1,4.224,4.323,96468,294.18032028,-1.28655278
100482,480,3027,1,5.066,4.058,97804,298.11818417,1.0056775
1298154,5127,7358,1,6.206,4.939,93026,284.26514833,-5.84621806
1301521,5140,4781,1,5.419,4.131,93429,285.42016806,-5.73902333
1300466,5136,2357,1,3.304,3.395,93805,286.5622875,-4.88234639
1296279,5122,1426,1,5.579,4.337,92175,281.79365417,-4.74783
96345,465,2618,1,5.341,4.729,95585,291.62953944,0.33857444
1293864,5102,416,1,4.428,3.337,89962,275.32876528,-2.89718611
88828,436,3545,1,5.994,4.957,89918,275.21692278,3.37714694
92714,451,1386,1,4.936,4.996,91975,281.20805556,2.06007278
94036,457,687,1,4.776,4.592,92946,284.05483778,4.20352833
94037,457,688,1,5.153,4.93,92951,284.06089222,4.2020675
97623,469,6227,1,3.738,3.39,95501,291.37399528,3.114595
103803,490,5566,1,5.96,4.576,96229,293.52181833,7.3793
105098,493,3355,1,4.789,3.807,98036,298.8281925,6.40792833
226916,1058,3400,1,6.048,4.824,97938,298.5617675,8.46164778
228511,1061,2577,1,4.718,2.861,97278,296.56487972,10.61326917
224371,1052,3027,1,2.993,2.958,93747,286.35254889,13.86369639
1536517,6207,1170,1,4.507,4.281,80569,246.75599417,-18.45619722
1536053,6203,806,1,5.442,4.378,80894,247.78497222,-16.61263944
1407395,5633,777,1,5.197,4.687,82369,252.45823333,-10.78280444
1407339,5632,1042,1,2.575,2.546,81377,249.28970972,-10.56715361
1405878,5619,1257,1,4.844,4.363,,241.092395,-11.37302167
1405530,5616,1294,1,5.062,4.942,79375,243.00000583,-10.06418639
1406736,5626,1388,1,4.854,4.653,80628,246.95093444,-8.37170111
1288125,5042,999,1,4.45,3.321,79882,244.58017889,-4.69260389
1287663,5037,1068,1,4.808,2.896,79593,243.58651944,-3.69398972
1291334,5075,717,1,4.979,4.569,85365,261.65805333,-5.08648972
1291144,5072,1228,1,6.774,4.988,83262,255.26509944,-4.22245639
1290619,5066,1267,1,6.319,4.915,84514,259.15293583,-0.44514222
82922,409,1922,1,6.293,4.496,85355,261.62866667,4.14034139
1286198,5022,936,1,3.508,3.535,77516,237.40526,-3.43014194
76161,368,1592,1,5.221,4.858,80179,245.5184825,1.02892444
75222,360,1226,1,3.885,3.714,77622,237.70372889,4.47758472
75558,363,1135,1,4.142,2.739,77070,236.06666361,6.42552222
75681,364,1224,1,5.138,4.482,77257,236.61141389,7.35323444
78745,386,2062,1,4.19,4.147,80883,247.72850056,1.98409722
203149,979,2198,1,4.669,3.31,83000,254.41775333,9.37505528
203150,979,2199,1,4.237,4.347,82673,253.50209139,10.16544056
201744,971,1433,1,4.575,4.565,80463,246.35387861,14.03341417
87639,430,3748,1,4.464,4.432,88290,270.4383,1.30510778
88306,434,5213,1,5.18,4.217,88601,271.36340861,2.50231833
88303,434,5198,1,3.956,3.959,88192,270.16131611,2.93158556
89252,438,2741,1,4.637,4.742,88149,270.06582306,4.36864611
85078,420,1962,1,3.789,3.737,87108,266.9732225,2.70744639
85830,423,1724,1,4.28,2.879,86742,265.86823194,4.56690889
209630,1008,1945,1,5.838,4.745,88765,271.8264775,8.73379694
210952,1012,1661,1,3.881,3.722,88771,271.83757361,9.56366333
337357,1554,2021,1,6.289,4.806,88128,270.01425028,16.75094306
347456,1585,2531,1,5.383,4.129,93244,284.90577944,15.06846917
348078,1587,2067,1,4.501,4.356,92161,281.75510056,18.18124472
356453,1611,2043,1,4.655,4.739,94703,289.05433361,21.39044306
345394,1579,1852,1,4.13,4.319,88886,272.18955139,20.81457222
345749,1580,2158,1,5.358,3.975,90139,275.92403528,21.77031972
349508,1591,1918,1,4.734,4.243,92043,281.41554528,20.54708083
475219,2109,2837,1,5.541,4.667,92818,283.68700444,22.64507333
478458,2116,2764,1,6.366,4.958,92088,281.51861944,26.66207361
205216,990,2133,1,5.077,3.48,84345,258.66192833,14.39025889
204156,984,2436,1,5.039,4.889,83613,256.34442167,12.74085278
466012,2079,2057,1,6.248,4.552,85693,262.68457583,26.11060778
463050,2065,1930,1,3.219,3.115,84379,258.75801583,24.83956222
340814,1566,3674,1,5.019,4.852,88267,270.37667889,21.59568556
472450,2102,2772,1,4.859,3.794,87933,269.4409725,29.24792361
472718,2103,3078,1,3.799,3.823,88794,271.88562833,28.76246972
467504,2085,3062,1,4.336,3.49,86974,266.61547028,27.72242083
604735,2608,2411,1,4.858,4.454,87998,269.625625,30.18927639
612151,2635,1483,1,5.823,4.446,89826,274.965505,36.06444861
607483,2620,2298,1,5.59,3.985,87808,269.06324556,37.25052278
2442007,9159,1634,1,5.356,3.436,17678,56.80932139,-74.23922639
2505685,9362,1344,1,6.488,4.895,13244,42.61888194,-75.06688444
2324467,8890,1116,1,6.486,4.948,24372,78.43928417,-67.18534444
2327580,8904,1522,1,4.586,4.353,27100,86.19340222,-65.73554028
2320787,8870,1385,1,5.29,3.959,17440,56.04823028,-64.80708667
2320786,8870,1384,1,5.163,4.75,16245,52.34255972,-62.93838639
2320603,8869,2461,1,4.469,3.425,19780,63.60597333,-62.47397194
2172975,8508,2041,1,5.817,4.554,19921,64.12116722,-59.3017725
2320345,8868,2193,1,6.575,4.7,18744,60.22418583,-62.15936389
2320249,8868,1318,1,6.662,4.74,18597,59.68640889,-61.40015139
2503874,9350,1626,1,3.543,2.855,2021,6.41455278,-77.25499556
2503762,9350,450,1,6.426,4.926,122,0.39935278,-77.06531611
2436356,9136,1759,2,5.469,4.997,5896,18.93973278,-68.87622167
2438325,9144,1688,1,4.128,4.075,11001,35.43758194,-68.65942472
2438323,9144,1686,1,4.037,4.088,12394,39.89679083,-68.26694806
2438574,9145,2046,1,4.91,4.829,12876,41.38557528,-67.61671972
2437932,9143,238,1,5.863,4.789,8928,28.73342167,-67.64747111
2316816,8851,2027,1,3.202,2.871,9236,29.69120167,-61.56992583
2319160,8862,1490,1,5.131,4.986,13884,44.69903278,-64.07129667
2325931,8896,1535,1,5.976,4.759,27890,88.52461528,-63.09095472
2323324,8883,1641,1,4.896,3.911,26069,83.40632056,-62.48985361
2174704,8514,2291,1,5.32,4.767,23693,76.37787306,-57.47297694
2176709,8524,1280,1,5.896,4.616,27530,87.45658167,-56.16649639
2174114,8512,2115,1,3.169,3.243,21281,68.498855,-55.04502333
2027307,8075,1796,1,4.613,4.285,19893,64.00623278,-51.48706889
2032367,8099,1392,1,4.056,3.87,27321,86.82118028,-51.06670528
1888767,7606,989,1,5.406,4.057,28328,89.78663056,-42.81510861
1885002,7589,1693,1,4.83,4.479,21770,70.14090778,-41.86357972
1745854,7063,1179,1,5.318,3.983,25859,82.80306639,-35.47043972
1743706,7053,2046,1,6.148,4.711,23595,76.1013175,-35.48287528
1743171,7051,2305,1,6.073,4.931,24659,79.37094361,-34.89443444
1882880,7581,1600,1,5.247,3.966,19747,63.5003425,-42.29389778
1882556,7580,1257,1,5.318,4.97,19515,62.71016361,-41.99373333
1880064,7567,1183,1,5.13,4.336,15510,49.9723475,-43.07146333
1880888,7572,1748,1,5.866,4.689,16870,54.27365806,-40.2745125
1880550,7570,1585,1,4.695,4.717,17797,57.14927056,-37.62012861
1738823,7034,1311,1,6.13,4.717,17351,55.70882944,-37.31335389
1739030,7035,1374,1,5.341,4.267,17874,57.363665,-36.20011972
1737580,7028,1395,1,4.772,4.947,17304,55.56208,-31.93839389
1740148,7040,1534,1,3.409,3.516,20042,64.47341694,-33.79833194
1740412,7041,1605,1,5.906,4.123,20535,66.00902972,-34.01697917
1739685,7038,1509,1,5.022,3.908,21393,68.88779417,-30.56231167
1596812,6470,1242,1,5.739,4.612,21248,68.37761028,-29.76586611
2315203,8843,1706,1,4.9,4.286,1599,5.00841472,-64.87749056
2315417,8844,1520,1,4.648,4.505,2487,7.8889675,-62.96545111
2315416,8844,1519,1,4.242,4.282,2484,7.8856875,-62.95809333
2165275,8469,1596,1,4.352,4.359,3405,10.83851722,-57.46309694
2166610,8476,1302,1,3.885,3.997,5348,17.09609806,-55.24582861
2021317,8043,1179,1,5.176,4.044,7083,22.81244333,-49.07305778
2019330,8032,1228,1,4.486,3.459,5165,16.52122639,-46.71846889
1876626,7547,1134,1,5.496,3.613,6867,22.09142056,-43.31775694
2023381,8055,1270,1,3.409,3.52,10602,34.12710167,-51.51211444
2022035,8047,1321,1,4.764,3.798,9007,28.98692694,-51.60955111
2022907,8052,1380,1,4.066,4.208,11407,36.74627222,-47.7038275
2020956,8041,1200,1,5.909,4.93,9095,29.29164889,-47.38529778
2020955,8041,1199,1,6.42,4.598,8837,28.41173917,-46.30245861
1878476,7558,987,1,4.821,4.736,12413,39.94968083,-42.89163361
1878650,7559,1160,1,5.379,4.226,12486,40.16640361,-39.85531417
2018409,8027,1305,1,4.785,4.755,2472,7.85360139,-48.80355972
2017849,8024,1169,1,5.826,4.706,3245,10.33156333,-46.08500972
2017485,8022,1240,1,5.171,3.99,765,2.35226944,-45.74700694
1873752,7530,978,1,4.151,3.953,2072,6.55049806,-43.67990417
1873212,7527,1031,1,3.78,2.496,2081,6.57031,-42.30516389
1587965,6432,2329,1,4.493,4.659,9677,31.12262722,-29.29683944
1585005,6424,2270,1,4.11,4.274,4577,14.65144417,-29.35746194
1879349,7563,1017,1,4.233,4.119,13847,44.56849639,-40.30472667
1879348,7563,1016,1,3.37,3.195,13847,44.56547722,-40.30473167
1591062,6445,990,1,4.51,3.976,14879,48.01789083,-28.98900556
1734645,7012,1019,1,5.681,4.565,13147,42.27233222,-32.40625861
1589492,6436,2246,1,4.893,4.95,11918,38.46130111,-28.23234306
1589850,6438,1110,1,4.278,4.092,14146,45.59829194,-23.6243425
1593078,6455,1268,1,4.474,4.602,18673,59.98115,-24.01625639
1591664,6448,1372,1,4.466,4.603,18216,58.42785028,-24.61221167
1591662,6448,1370,1,4.711,4.266,17651,56.71244528,-23.24849972
1590035,6439,1171,1,6.012,4.976,15382,49.59206583,-22.51114917
1454104,5878,1292,1,5.787,3.91,15474,49.87904556,-21.75793861
1454450,5880,1266,1,4.127,4.233,16611,53.44686972,-21.63281861
1334450,5311,1285,1,5.05,3.129,18543,59.50722028,-13.50825778
1333720,5307,1357,1,6.547,4.613,17593,56.53543639,-12.1017325
1452718,5870,1028,1,5.92,4.871,13288,42.75977417,-21.00398056
1452024,5866,1050,1,5.032,4.521,12843,41.27493694,-18.57265
1450100,5858,2053,1,6.042,4.167,9347,30.00096583,-21.07777444
1450795,5860,2587,1,5.259,4.792,11783,38.02198417,-15.24433667
1329837,5284,2546,1,4.839,4.862,11345,36.48755,-12.29045306
1331107,5292,970,1,4.083,4.216,12770,41.0306425,-13.85867694
1333019,5303,1320,1,4.694,3.622,17378,55.81230528,-9.76511639
1331772,5296,1533,1,4.846,3.814,16537,53.23494694,-9.45830472
1331578,5295,1259,1,5.067,4.821,15197,48.95844306,-8.81983639
1330464,5288,1093,1,5.332,4.874,12390,39.89057139,-11.87161417
1330303,5287,1076,1,5.293,4.013,13701,44.10669528,-8.89764389
2516060,9418,2653,1,4.208,4.404,52633,161.44637417,-80.5402025
2512603,9401,1714,1,6.186,4.277,51839,158.86755222,-78.60781278
2459974,9223,2880,1,4.401,4.02,50954,156.098915,-74.03154861
2512056,9398,2715,1,5.838,4.467,40888,125.16196306,-77.48457056
2512055,9398,2714,1,4.524,4.095,40702,124.63035444,-76.91997083
2452342,9203,2759,1,5.2,4.536,44599,136.28678778,-72.60269472
2451185,9199,2885,1,4.461,4.627,44626,136.40992722,-70.53851972
2515449,9415,3217,1,4.859,4.908,58484,179.90695139,-78.22185444
2459000,9219,3722,1,4.766,4.715,51438,157.58366194,-71.99272278
2371709,8985,3046,1,6.782,4.915,57581,177.06038417,-66.81487083
2371708,8985,3045,1,3.825,3.638,57363,176.40233222,-66.72883833
2356931,8965,1766,1,4.558,4.714,52370,160.55893,-64.46645194
2356930,8965,1765,1,2.457,2.67,52419,160.73927333,-64.39447861
2356929,8965,1764,1,4.654,4.814,52736,161.71351222,-64.38349583
2356927,8965,1762,1,4.615,4.767,52502,161.02890139,-63.96109833
2355335,8962,2641,1,5.895,4.719,54301,166.63530083,-62.42413556
2456860,9214,2842,1,3.196,3.271,50099,153.43448111,-70.03792056
2358175,8968,1393,1,4.8,4.938,50847,155.742405,-66.90152306
2338092,8939,2729,1,4.185,4.011,44382,135.61166306,-66.39585806
2345388,8950,2272,1,3.307,3.025,48002,146.77556861,-65.07201722
2343266,8946,3219,1,5.488,3.905,47854,146.31178056,-62.50792278
2339281,8941,2077,1,4.418,4.487,47391,144.83766444,-61.32810444
2341452,8943,3447,1,5.396,3.536,50371,154.27085306,-61.33232056
2348908,8956,4324,1,3.233,3.341,51576,158.00618028,-61.68535917
2350165,8957,4262,1,6.775,4.754,52468,160.88461889,-60.56662472
2217441,8613,3363,1,4.173,3.848,51232,156.96977,-58.73940917
2448006,9188,1864,1,5.258,4.059,37504,115.45499944,-72.6061325
2446827,9182,1411,1,5.053,3.86,34481,107.18677694,-70.49917889
2446198,9179,2107,1,4.92,4.051,35228,109.20763111,-67.95717139
2448971,9193,3090,1,4.24,4.378,39794,121.9826575,-68.61713444
2337430,8937,2820,1,5.218,3.886,41312,126.43434889,-66.13654444
2334457,8928,3018,1,4.593,4.778,39138,120.08320222,-63.56750028
2332758,8924,2780,1,5.243,4.792,39903,122.25354167,-61.30174417
2341965,8944,3281,1,3.727,3.915,45101,137.81985667,-62.31701444
2341966,8944,3282,1,5.971,4.903,45856,140.23678833,-62.4046325
2201480,8595,3312,1,2.465,2.238,45556,139.27261556,-59.27526
2201479,8595,3311,1,3.196,3.381,45080,137.74210083,-58.96692639
2198954,8591,1279,1,6.473,4.518,45496,139.05041972,-57.54144083
2334125,8927,3658,1,3.698,3.802,43783,133.76191833,-60.6447075
2192243,8581,3010,1,4.151,4.292,42568,130.15431306,-59.761015
2200966,8594,3179,1,4.673,4.866,43937,134.24344417,-59.22935694
2202603,8597,2340,1,4.06,4.078,46974,143.61109306,-59.22976917
2199791,8592,2561,1,5.19,3.326,46701,142.805635,-57.03439167
2206718,8602,2024,1,3.402,3.5,48774,149.21564083,-54.56779667
2061551,8180,2997,1,4.763,4.966,46950,143.53667,-51.25528111
2190317,8576,2426,1,6.11,4.957,42134,128.83187972,-58.00929056
2190784,8577,3017,1,4.27,4.454,43105,131.67732889,-56.76979722
2187875,8569,3954,1,4.612,4.789,42726,130.60587389,-53.11403667
2187877,8569,4018,1,3.372,3.545,42536,130.07336806,-52.92196944
2192837,8582,4212,1,4.56,4.702,43878,134.08032306,-52.72351083
2050913,8155,3647,1,4.914,4.779,42624,130.30474778,-47.31714194
2048871,8151,6254,1,3.891,3.877,43023,131.50689306,-46.04153944
2056765,8169,1192,1,5.283,3.867,44511,136.0388275,-47.09771528
2049365,8152,2275,1,4.986,4.94,43347,132.44853111,-45.30790778
2369223,8981,4411,1,4.807,4.968,57851,177.96363111,-65.20589528
2369221,8981,4409,1,4.123,4.284,57669,177.42119833,-63.78848833
2364903,8976,5383,1,3.055,3.092,56561,173.94552833,-63.01982639
2361813,8973,2923,1,5.217,4.199,57439,176.62853472,-61.17836139
2352971,8959,2615,1,5.197,4.679,54751,168.150085,-60.31763167
2230828,8628,2484,1,5.505,4.052,54463,167.14747972,-58.9750425
2229955,8627,3091,1,4.951,3.882,53253,163.37321528,-58.85325972
2232332,8630,2190,1,4.517,4.595,56480,173.69045639,-54.26412861
2223907,8621,2002,1,3.719,3.873,55425,170.25186694,-54.49102639
2217443,8613,3365,1,6.859,4.894,52102,159.68754722,-59.18299722
2213286,8609,2378,1,6.57,4.628,51849,158.89714333,-57.55763417
2213454,8609,3069,1,5.238,4.736,51192,156.85199167,-57.63881444
2209164,8605,1196,1,5.551,4.379,52154,159.82671639,-55.60327833
2208097,8604,975,1,4.352,4.49,50676,155.22839139,-56.04322472
2208649,8604,2441,1,6.668,4.739,50555,154.90318639,-55.02931389
2068954,8195,4554,1,4.679,4.824,49712,152.234385,-51.81126194
2205806,8601,4516,1,5.457,4.946,51523,157.84257167,-53.71596667
2073657,8206,3033,1,3.907,2.815,52727,161.69218444,-49.42013278
2071599,8201,3337,1,4.196,3.872,51986,159.32602278,-48.22561083
2077480,8216,2577,1,6.139,4.609,57803,177.786455,-45.17345056
1939025,7745,1381,1,5.697,4.962,57443,176.63427833,-40.50129889
1935978,7733,2499,1,4.511,4.383,53773,165.03852556,-42.22586806
1799626,7211,2295,1,5.886,4.707,53502,164.17916667,-37.13747444
2059497,8176,2817,1,4.552,4.358,47175,144.20687528,-49.35512472
2061695,8181,868,1,6.081,4.702,48374,147.91952972,-46.54764389
1930856,7717,3167,1,6.25,4.938,50799,155.58168722,-41.6500975
1930454,7716,3704,1,3.907,3.836,50191,153.68445611,-42.122055
1922768,7696,2620,1,4.032,3.66,46651,142.67545389,-40.46691028
1919822,7689,2617,1,4.412,2.379,44816,136.99906694,-43.43262306
1788161,7166,3038,1,6.37,4.658,46515,142.31140083,-35.9513475
1793379,7184,2065,1,6.177,4.424,51172,156.78814111,-31.0678025
2326602,8899,2202,1,3.507,3.262,32607,102.04805333,-61.94195944
2178802,8536,794,1,5.554,4.51,32761,102.46381694,-53.62249083
2176900,8525,1313,1,4.422,4.685,29276,92.57463611,-54.96866083
2178715,8535,2126,1,4.332,4.363,31407,98.74411194,-52.97563389
2039008,8125,2314,1,4.479,3.05,32768,102.48390694,-50.61440639
2039287,8126,2550,1,5.081,4.942,34059,105.97355972,-49.58424278
2038432,8123,2767,1,4.636,4.731,35020,108.658935,-48.27192694
2037148,8119,2547,1,4.851,4.518,34834,108.14056611,-46.75955139
2037069,8119,1757,1,4.854,4.871,34899,108.30570972,-45.18253444
1903422,7655,2687,1,5.239,3.418,36377,112.30781722,-43.30187222
2183215,8553,2883,1,3.222,3.404,38827,119.1947525,-52.98239917
2049914,8153,4761,1,4.676,4.846,41039,125.6321175,-48.49043083
2045645,8143,3239,1,4.28,4.472,38957,119.56018306,-49.24492722
2045646,8143,3240,1,4.333,4.574,38500,118.26517306,-49.61307972
2044095,8139,4578,1,4.036,4.203,38518,118.32567806,-48.10294778
2044600,8140,6534,1,3.944,4.143,,122.37218194,-47.34530056
1909837,7668,3980,1,4.944,4.768,40096,122.8579025,-42.9872875
2048833,8151,5000,1,4.612,3.88,42570,130.15656194,-46.64875528
1910459,7670,866,1,4.261,4.136,42312,129.41100306,-42.98910361
1917097,7683,2233,1,5.135,4.143,42884,131.09985389,-42.64932111
2043572,8138,3767,1,6.028,4.803,38089,117.08434917,-47.0775425
2041703,8134,3515,1,3.846,4.056,38164,117.30958389,-46.37322889
1901423,7650,3052,1,4.993,3.809,38414,118.05435472,-40.5757975
1899902,7646,3591,1,4.253,4.445,38455,118.16105333,-38.86282194
1899465,7645,3246,1,5.844,3.806,37819,116.31376333,-37.96859778
1907792,7664,2482,1,5.914,4.55,40326,123.51203528,-40.34773889
1907791,7664,2481,1,6.539,4.6,40091,122.83958278,-39.61855194
1774211,7134,2967,1,4.7,4.46,40706,124.63912389,-36.65951806
1773532,7133,4588,1,4.602,4.744,40274,123.37300972,-35.89954028
1769848,7126,3938,1,6.716,4.983,40945,125.345975,-33.05437167
1893523,7626,2203,1,3.027,3.138,31685,99.44029861,-43.19592361
1898385,7642,1461,1,6.316,4.767,34922,108.38431194,-44.64050083
1895769,7633,2708,1,4.599,4.787,34495,107.21281639,-39.65567361
1753535,7092,2576,1,3.352,3.486,32759,102.46027083,-32.50848694
1899134,7644,2700,1,4.597,4.788,37297,114.86397056,-38.30805861
1762296,7113,3280,1,4.444,4.527,37096,114.34217583,-34.96855111
1763082,7115,3019,1,4.821,2.866,35264,109.28568528,-37.09748917
1763079,7115,3016,1,4.525,4.659,35363,109.57666639,-36.73396611
1763078,7115,3015,1,4.806,4.983,35226,109.2058975,-36.59264639
1758262,7105,3516,1,5.789,4.738,36514,112.67753944,-30.96228417
1765447,7120,2422,1,4.956,4.793,38901,119.41713167,-30.33458556
1630628,6552,3228,1,4.151,3.987,37677,115.95196556,-28.95483444
1630627,6552,3227,1,6.769,4.803,37648,115.88498028,-28.410955
1625263,6544,4213,1,4.364,4.468,38070,117.02156389,-25.93717917
1625337,6545,482,1,6.722,4.857,35205,109.1458375,-27.88126917
1617282,6532,5003,1,3.822,4.004,35037,108.70275694,-26.77268528
1617279,6532,5000,1,4.19,4.415,34981,108.56340167,-26.35251583
1616665,6531,3793,1,5.744,3.656,33856,105.42979667,-27.93484194
1617280,6532,5001,1,2.687,1.905,34444,107.09785861,-26.39320806
1630061,6551,3461,1,4.495,4.617,36917,113.84556694,-28.36928139
1627279,6547,2627,1,4.214,4.401,37229,114.70783722,-26.80389
1627278,6547,2626,1,4.49,4.616,37229,114.70577778,-26.80184056
1624272,6543,3376,1,4.561,4.664,37173,114.57519833,-25.36478833
1634350,6557,4522,1,4.897,3.452,38170,117.32357778,-24.85978472
1622816,6541,4204,1,4.193,4.383,35415,109.67703083,-24.95438417
1622815,6541,4202,1,4.757,4.927,35412,109.66825361,-24.55870667
1620388,6538,3324,1,5.111,4.88,36431,112.46422472,-23.02429917
1493561,5991,217,1,5.033,4.493,36795,113.51335222,-22.29617778
1917940,7685,2720,1,5.231,4.519,44191,135.02266139,-41.25372917
1787322,7164,4049,1,5.145,4.668,45448,138.93779278,-37.4131275
1779505,7144,3639,1,5.122,4.057,42515,130.02557083,-35.3083025
1654280,6600,2227,1,5.846,4.814,46026,140.80138556,-28.83392194
1652004,6592,2420,1,6.881,4.905,45902,140.37332639,-25.96541861
1777867,7141,2725,1,3.438,3.631,42828,130.89811139,-33.18641
1649680,6583,2588,1,6.005,4.973,42483,129.92704361,-29.560875
1648143,6580,2781,1,5.678,4.158,43409,132.6333625,-27.71004972
1648142,6580,2780,1,5.033,4.884,43825,133.88132556,-27.68163639
1651531,6590,2180,1,6.676,4.784,44824,137.01191139,-25.85853639
1656481,6610,2315,1,5.401,4.848,47758,146.05053556,-27.76955139
1654767,6602,2081,1,5.543,4.984,47592,145.56107306,-23.91617667
1654766,6602,2080,1,4.588,4.736,47522,145.32093528,-23.59152028
1510639,6041,1680,1,6.201,4.849,46371,141.82627056,-22.34344361
1387360,5487,1653,1,5.28,4.21,48356,147.86951306,-14.84655389
1632744,6555,3245,1,3.322,2.842,39757,121.88625556,-24.30443028
1503762,6012,1921,1,6.206,4.983,42662,130.43055917,-15.94315833
1631437,6553,3890,1,5.067,4.265,38835,119.21481833,-22.88014778
1500584,6004,3719,1,4.199,4.368,39906,122.25684694,-19.24500222
1490941,5986,3435,1,4.711,4.618,39095,119.96689444,-18.399145
1377066,5434,3731,1,5.908,4.82,40084,122.81800111,-12.92701611
1382044,5454,1870,1,5.422,4.402,43067,131.59386917,-13.54770556
1384369,5467,1858,1,5.941,4.873,45751,139.9433275,-11.97488056
1383247,5460,1592,1,3.879,2.14,46390,141.89688389,-8.65867917
1383722,5463,1514,1,5.99,4.915,45811,140.12094333,-9.55563056
1265634,4875,1585,1,5.64,4.716,42835,130.91824806,-7.23372833
2535004,9509,3854,1,6.01,4.453,70638,216.73214389,-83.667855
2521562,9439,1501,1,5.184,4.92,69896,214.55819472,-81.00760833
2521065,9436,2393,1,5.701,3.968,72370,221.96552694,-79.044715
2524519,9450,2282,1,5.02,3.957,81065,248.36436139,-78.89697111
2523827,9447,3154,1,5.588,4.346,81852,250.7724275,-77.51661917
2523555,9446,3517,1,6.795,4.902,80047,245.08679778,-78.69566
2516324,9420,1543,1,4.075,4.209,60000,184.58724972,-79.31226861
2485186,9275,3641,1,3.79,2.052,82273,252.16611417,-69.02764028
2486524,9278,2951,1,5.561,4.963,80686,247.11588972,-70.08465389
2485370,9276,1692,1,6.328,4.895,84969,260.49805611,-67.77064917
2477099,9259,4905,1,2.886,2.849,74946,229.72784833,-68.67947111
2406211,9034,3741,1,5.603,4.234,76440,234.17995056,-66.31691222
2402306,9027,5712,1,3.18,2.851,77952,238.78664556,-63.429795
2410472,9040,4790,1,5.253,3.962,79664,243.85944083,-63.68564917
2281609,8718,2860,1,4.938,4.697,78662,240.88422722,-57.77487778
2466232,9236,2907,1,3.641,3.804,61199,188.11710972,-72.13297583
2472452,9249,2380,1,5.135,3.736,63613,195.56583167,-71.54880389
2468440,9242,1816,1,4.667,4.765,64661,198.8124775,-67.89456417
2395271,9015,1445,1,3.474,3.189,71908,220.6278075,-64.97460028
2463051,9228,3049,1,2.439,2.622,61585,189.29616556,-69.135535
2463049,9228,3047,1,3.328,3.518,62322,191.57027222,-68.108095
2463050,9228,3047,2,3.803,3.976,62322,191.57079861,-68.10781889
2462243,9227,2705,1,6.059,4.332,59929,184.39423583,-67.96067667
2389527,9008,4454,1,6.111,4.824,68191,209.41222528,-63.68662028
2381434,8998,3189,1,5.564,4.619,65387,201.00185028,-64.53562
2375313,8990,3680,1,4.335,4.487,65271,200.65824222,-60.98835778
2400757,9025,910,1,6.472,4.99,74837,229.41203472,-63.61048528
2273797,8707,1990,1,4.829,4.937,75323,230.84440417,-59.32070167
2273358,8706,1061,1,4.184,4.071,74824,229.37897778,-58.80089389
2112811,8306,3362,1,4.556,3.5,74395,228.07166222,-52.09908083
2263328,8686,3020,1,4.43,4.347,70069,215.08147056,-56.38647889
2252528,8665,2921,1,5.916,4.84,69191,212.47896139,-53.43873028
2103622,8286,1831,1,4.188,4.392,71121,218.15451111,-50.45712361
2104127,8287,2475,1,3.849,4.007,71536,219.471875,-49.42575917
2108818,8298,4184,1,3.788,3.833,74376,227.98398389,-48.73770222
2108815,8298,4182,1,4.813,4.928,74911,229.63353194,-47.875195
2108816,8298,4182,2,4.901,4.994,74911,229.63318722,-47.8749925
2108402,8297,4705,2,4.463,4.598,73807,226.28022667,-47.05102333
2108401,8297,4705,1,4.407,4.561,73807,226.27960222,-47.05119556
2106620,8293,3877,1,3.839,4.021,74117,227.21095528,-45.27979472
1962308,7832,2490,1,2.414,2.603,73273,224.63313417,-43.13387028
1960831,7828,3520,1,2.879,3.078,73334,224.79040917,-42.10414444
2420172,9062,3615,1,5.111,3.714,86929,266.4333375,-64.72374222
2417063,9053,4118,1,3.463,3.563,85727,262.77488444,-60.68362194
2288445,8730,1439,1,5.234,3.276,83081,254.65512806,-55.9900575
2291085,8736,3857,1,3.123,3.275,85267,261.34858083,-56.37768944
2289294,8732,2866,1,4.744,2.968,85258,261.32498917,-55.52982833
2286301,8725,3067,1,5.81,3.932,82363,252.446305,-59.04131556
2119690,8320,2290,1,5.388,4.122,80000,244.96066528,-50.15537861
2286739,8726,2208,1,5.939,4.218,83153,254.89602889,-53.16048944
2117561,8316,4441,1,4.422,4.508,80582,246.79603222,-47.55473417
1972127,7866,3007,1,4.955,4.91,81122,248.52092333,-44.04530944
2135094,8351,2577,1,5.227,4.799,86486,265.09890861,-49.41517056
2130348,8342,6346,1,4.529,4.561,86092,263.91504444,-46.50558944
2134698,8350,2600,1,2.672,2.793,85792,262.96049528,-49.87599194
1986951,7898,2022,1,6.385,4.982,87846,269.19760694,-44.34220222
1982795,7890,2436,1,5.092,4.833,87294,267.54629028,-40.0904275
1982174,7889,2669,1,3.594,3.05,87073,266.89617194,-40.12698028
1979609,7884,2876,1,5.662,4.388,86170,264.13685778,-38.63486556
1976193,7876,2743,1,5.272,4.817,82671,253.49885944,-42.36202
1976205,7876,2871,1,5.419,3.764,82729,253.64624333,-42.36078278
1978461,7882,569,1,3.807,3.359,84143,258.03823639,-43.23848889
1972728,7868,1820,1,3.283,3.508,82545,253.08396972,-38.01747917
1972729,7868,1821,1,2.776,2.971,82514,252.96765944,-38.04732667
1839431,7387,1249,1,2.431,2.624,85696,262.69099472,-37.29574028
1831695,7368,1546,1,5.1,4.886,83574,256.20562806,-34.12292306
2118499,8318,1128,1,5.804,4.746,78639,240.80359528,-49.22972056
1968390,7849,3219,1,5.113,4.681,76829,235.29795417,-44.66056694
2114942,8310,1489,1,5.005,4.743,78914,241.622605,-45.17327194
1969001,7851,1815,1,4.703,4.857,78655,240.85084,-38.60247083
1969000,7851,1814,1,3.134,3.367,78384,240.03057861,-38.39664139
1825014,7342,1315,1,3.979,4.172,78918,241.64814889,-36.8022125
1967554,7847,2505,1,3.142,3.337,75264,230.67036472,-44.68957278
1967927,7848,2378,1,4.466,4.676,76371,233.97193056,-44.95833778
1966017,7844,198,1,6.19,4.497,76552,234.51381528,-42.56748194
1965064,7840,1432,1,2.755,2.954,76297,233.7850825,-41.16667889
1965065,7840,1432,2,4.269,4.451,76297,233.78537722,-41.16671139
1963076,7834,3136,1,4.592,4.778,74449,228.20668528,-44.50036278
1964686,7839,2803,1,2.937,3.157,75141,230.34306667,-40.64746
1963449,7835,2634,1,4.6,4.592,75501,231.33437833,-38.73358722
1821444,7325,1692,1,4.34,4.499,75304,230.78901083,-36.8584375
1821443,7325,1691,1,5.565,3.729,75177,230.45180139,-36.26117361
1823741,7335,935,1,5.898,4.769,76705,234.94156167,-34.41189194
1823742,7335,936,1,4.54,4.698,76945,235.67098306,-34.71033306
1823170,7332,2512,1,3.902,3.94,77634,237.73975639,-33.62710556
1827656,7353,3153,1,6.238,4.346,81304,249.09359194,-35.25535417
1827655,7353,3152,1,4.021,4.202,80911,247.84558556,-34.70432
1831457,7367,804,1,3.781,2.393,82396,252.542575,-34.29262583
1830255,7364,2287,1,4.894,4.995,83336,255.46937056,-32.14340556
1685628,6805,1909,1,4.815,4.785,79881,244.57466639,-28.6137775
1683911,6791,2509,1,3.617,3.833,78104,239.2211875,-29.21401333
1685023,6801,1004,1,4.372,4.543,79404,243.07588139,-27.92631639
1685965,6807,1012,1,2.536,2.759,81266,248.97066361,-28.21596083
1684699,6799,932,1,4.615,4.759,80815,247.55199194,-25.11515889
1684614,6798,540,1,3.024,2.911,80112,245.29716139,-25.59275556
1684326,6794,552,1,5.486,4.665,80079,245.1590975,-24.16928389
1538687,6228,1489,1,4.598,4.449,80975,248.0341125,-21.46647528
2370042,8982,4970,1,4.536,4.177,59072,181.72022972,-64.61364389
2370719,8983,2258,1,3.827,4.011,60009,184.60954333,-64.0030475
2368011,8979,3466,1,4.644,4.799,,186.62888111,-63.12220167
2367170,8978,6112,1,4.625,4.348,58758,180.75704,-63.31294361
2367169,8978,6111,1,4.591,4.7,58867,181.08015306,-63.16571167
2373430,8988,2172,1,6.027,4.803,62268,191.40800611,-60.98116833
2250397,8660,2695,1,4.413,4.578,63007,193.66341083,-59.14666778
2363985,8975,4125,1,5.408,3.734,60260,185.34084639,-60.40135944
2249713,8659,3106,1,4.849,4.904,61966,190.48581444,-59.6858125
2247713,8656,3488,1,3.744,3.938,63003,193.64856222,-57.17789139
2247712,8656,3487,1,4.836,4.951,63005,193.65383778,-57.16864889
2247185,8655,4100,1,4.42,4.594,62327,191.59478611,-56.48878
2250948,8661,2284,1,4.481,4.578,64425,198.07344861,-59.92053722
2250947,8661,2282,1,5.455,4.963,64583,198.56422111,-59.10288444
2098803,8274,2554,1,5.832,4.738,67234,206.66404111,-51.43269917
2242172,8645,2263,1,2.515,2.721,59747,183.78647944,-58.74890389
2087928,8243,3043,1,4.615,4.783,60710,186.63244917,-51.45061028
2091667,8254,2208,1,4.023,4.228,64004,196.72775611,-49.90621806
2091666,8254,2207,1,4.854,4.828,63724,195.88893667,-49.52723833
2090334,8250,3266,1,4.519,4.669,63945,196.56970333,-48.46325694
2091276,8253,1778,1,6.107,4.475,62867,193.27904944,-48.94325667
2099771,8277,3277,1,3.306,3.5,69996,214.85096611,-46.05808389
2099770,8277,3276,1,5.12,4.807,70104,215.17730278,-45.18688972
2094852,8263,3419,1,5.066,4.405,68523,210.43121917,-45.60337361
2099775,8277,3281,1,4.843,4.401,70576,216.54501056,-45.37926028
2099774,8277,3280,1,4.35,4.527,70574,216.53430806,-45.22139083
1962310,7832,2492,1,4.126,4.289,72683,222.909675,-43.57529694
1957885,7819,2819,1,3.773,3.958,71865,220.49004722,-37.79342722
1952933,7802,2736,1,3.59,3.811,68282,209.66987444,-44.80353417
1951369,7797,2743,1,3.214,3.415,67472,207.4041925,-42.47368417
1954297,7807,2674,1,4.1,4.311,68862,211.51160278,-41.1795825
1951686,7798,2848,1,3.551,3.769,68245,209.56784806,-42.10070694
1951370,7797,2744,1,3.128,3.352,67464,207.37623389,-41.68765833
1954842,7809,2783,1,4.173,4.371,70300,215.75940361,-39.51176944
1953743,7805,2696,1,4.003,4.029,70090,215.13948306,-37.88526861
1815033,7293,2215,1,3.359,2.158,68933,211.67207667,-36.36875972
2087506,8242,3478,1,3.759,3.918,59449,182.91312306,-52.36841806
2087072,8241,3235,1,2.41,2.515,59196,182.08976278,-50.72241
2087071,8241,3234,1,4.245,4.419,59173,182.02189861,-50.66125528
2086305,8239,2420,1,3.653,3.864,60823,187.01004139,-50.23060667
2085187,8236,3158,1,3.913,3.848,61622,189.42632833,-48.54128917
2086657,8240,2724,1,2.844,2.817,61932,190.37998139,-48.95988583
2086658,8240,2724,2,2.922,2.881,61932,190.37990556,-48.95955028
2086655,8240,2722,1,6.037,4.77,62012,190.64814639,-48.81303889
1946155,7776,1664,1,4.508,4.276,62896,193.35895722,-40.17882139
1945700,7774,1925,1,5.697,4.922,64408,198.01436611,-37.8031325
1943054,7762,1975,1,4.521,4.613,61789,189.96899722,-39.98724556
1807581,7256,1650,1,4.858,4.889,62683,192.67160722,-33.99926806
1950017,7792,2393,1,5.426,4.027,65936,202.76111389,-39.40728
1811322,7275,2074,1,2.814,2.732,65109,200.15020278,-36.71209222
1813766,7287,1891,1,6.023,4.416,67457,207.36145667,-34.45063861
1812965,7283,2100,1,4.342,4.497,67669,207.95676611,-32.99401778
1810317,7270,2399,1,4.672,4.272,67153,206.42312389,-33.04338611
1812964,7283,2099,1,4.566,4.717,67786,208.30228056,-31.92758611
1670251,6700,1436,1,4.14,3.078,64962,199.73023556,-23.17141806
1958160,7820,3238,1,4.813,4.989,72800,223.21286778,-37.80311944
1817606,7305,2442,1,5.828,4.201,72010,220.91450306,-35.17324194
1817607,7305,2443,1,4.933,4.924,72104,221.24664972,-35.19182139
1683442,6789,1800,1,3.438,3.616,76600,234.6640975,-29.77769028
1681290,6776,1590,1,5.408,3.75,76470,234.256075,-28.13507056
1819106,7312,1422,1,5.342,4.961,74604,228.65552361,-31.51912833
1819105,7312,1421,1,5.755,4.47,74857,229.4576875,-30.14866167
1678296,6755,2085,1,6.208,4.573,72571,222.57273417,-27.96022528
1676604,6744,1753,1,4.875,4.959,70753,217.04351056,-29.4915825
1677826,6752,1455,1,5.4,3.459,73714,226.01774694,-25.28186
1682286,6783,2697,1,2.662,2.832,78265,239.71300083,-26.11404417
1682091,6782,2147,1,4.581,4.694,77840,238.40302889,-25.32708139
1682093,6782,2148,1,4.534,4.622,77635,237.74480194,-25.75123556
1681677,6779,2194,1,2.183,2.271,78401,240.08338111,-22.62162139
1536945,6212,1712,1,5.356,4.404,78990,241.85125556,-20.86865722
1536944,6212,1711,1,3.871,3.929,78933,241.70179917,-20.66913667
1536827,6211,510,1,5.767,4.591,80343,246.02582056,-20.03721
1536719,6209,1537,1,4.367,4.35,79374,242.99891667,-19.46064861
1536639,6208,1623,1,2.519,2.592,78820,241.35931389,-19.80539611
1536638,6208,1622,1,4.516,4.517,78821,241.360685,-19.80185389
1534738,6193,631,1,6.791,4.924,76880,235.48673972,-19.67858722
1532778,6178,1225,1,4.439,4.529,74392,228.05545917,-19.79163444
1533906,6187,1544,1,5.431,4.24,77853,238.45617222,-16.72961528
1406399,5623,1368,1,4.833,4.927,78207,239.5474,-14.27931889
1404692,5608,1381,1,5.175,4.015,76333,233.88142056,-14.78955306
1675859,6740,785,1,6.491,4.937,70306,215.77458333,-27.75374778
1675601,6738,1381,1,4.685,3.368,68895,211.592795,-26.68203694
1400910,5574,824,1,4.68,4.532,69974,214.77750611,-13.37116278
1399348,5558,1738,1,5.925,4.325,69427,213.22392306,-10.27402417
1529744,6155,1210,1,2.93,2.742,72622,222.71989,-16.04161861
1403511,5598,1052,1,5.442,4.972,75379,231.04969889,-10.32190139
1403608,5599,955,1,5.897,4.722,76219,233.54387722,-10.06397694
1402015,5585,1014,1,2.497,2.568,74785,229.251955,-9.38286833
1401367,5579,1166,1,4.983,4.963,73473,225.2432725,-8.518935
1283729,4995,951,1,4.835,4.503,73165,224.29605528,-4.34609944
1283904,4997,942,1,4.323,3.907,71957,220.76485194,-5.65744361
2530542,9488,1053,1,4.382,4.155,112405,341.51546278,-81.38161694
2529338,9478,1483,1,5.019,3.841,107089,325.36866917,-77.38948861
2496908,9315,1893,1,3.928,3.938,98495,300.14748722,-72.91020333
2430623,9111,1423,1,4.783,4.276,105858,321.61040889,-65.36803639
2432645,9120,1918,1,4.476,4.494,110838,336.83281278,-64.96637806
2431823,9117,1947,1,4.679,2.998,110130,334.62573639,-60.25949944
2309871,8817,984,1,6.048,4.826,108870,330.82356861,-56.78002917
2309079,8812,1257,1,4.738,4.43,108431,329.47930639,-54.99256722
2493277,9299,2361,1,5.46,4.129,91792,280.75888944,-71.42775361
2430783,9112,1605,1,3.62,3.431,102395,311.23980722,-66.20323889
2428438,9098,1918,1,4.476,3.616,99240,302.17473778,-66.17944972
2425386,9082,1890,1,5.22,4.439,93015,284.23766056,-67.23352972
2424277,9077,2487,1,5.015,4.793,92024,281.36191444,-64.87091722
2428720,9100,1263,1,5.374,4.901,101773,309.39683806,-61.52975278
2428763,9100,1712,1,5.097,4.782,101612,308.89488694,-60.58132889
2307891,8804,1375,1,5.265,3.778,103227,313.70242111,-58.45409667
2306099,8793,1478,1,4.683,4.504,105319,319.96619722,-53.44926722
2155604,8419,1619,1,4.827,4.53,102333,311.00915139,-51.92085139
2435646,9133,1652,1,4.388,4.473,118322,359.97880556,-65.57708056
2435018,9130,1766,1,5.067,4.997,118121,359.39573194,-64.29808972
2313984,8837,1297,1,4.459,4.033,114996,349.35754278,-58.23591472
2310952,8823,1609,1,6.355,4.977,112374,341.40771722,-53.50016111
2311177,8824,1503,1,5.339,4.222,113638,345.22030444,-52.75410806
2162138,8453,1499,1,3.586,3.479,112623,342.1383425,-51.31671361
2160662,8446,1644,1,4.131,2.287,112122,340.66642139,-46.88456694
2013950,8003,1373,1,6.162,4.33,111043,337.43935528,-43.74922667
2013949,8003,1372,1,5.266,4.077,110997,337.31731194,-43.49555389
2162691,8456,967,1,4.826,4.736,116602,354.46224389,-45.49232222
2017127,8020,969,1,4.803,4.705,116389,353.76888306,-42.61510111
2015898,8013,1357,1,4.251,4.352,116231,353.24245333,-37.81835444
2161100,8448,1362,1,5.143,3.988,114421,347.58930389,-45.24665167
2015701,8012,1248,1,4.916,4.452,114131,346.71986556,-43.52032583
2014599,8007,205,1,6.128,4.948,112203,340.87487306,-41.41413111
1870309,7510,1089,1,5.845,4.531,115102,349.70594833,-32.53184556
2013115,7999,1569,1,5.788,4.887,109908,333.90369139,-41.34675222
2012267,7995,1343,1,6.27,4.618,109111,331.52876222,-39.54305222
2010565,7983,1200,1,4.852,4.806,105382,320.18994639,-40.80950528
1867320,7494,1748,1,2.87,2.971,108085,328.48191111,-37.36482528
1866429,7490,1839,1,4.278,4.323,107380,326.23662056,-33.02555889
1867904,7497,1511,1,4.312,4.28,111188,337.8762125,-32.34603028
1869994,7508,1313,1,4.446,4.502,112948,343.1314825,-32.87545083
1869993,7508,1312,1,5.423,4.315,113246,343.98705333,-32.53969944
1866813,7492,1466,1,4.572,4.502,109285,332.09564917,-32.98839944
1866812,7492,1465,1,5.491,4.988,109422,332.5354225,-32.54843944
1724752,6966,1509,1,4.048,4.16,111954,340.16386167,-27.04361556
2419116,9059,3655,1,4.625,4.359,88866,272.14496639,-63.66807917
2423054,9072,3028,1,4.478,4.593,90797,277.84344611,-62.27819833
2423543,9074,2203,1,4.006,4.181,92609,283.05432056,-62.18756222
2422010,9068,2823,1,6.296,4.54,90098,275.80675667,-61.493905
2298772,8759,2961,1,4.775,4.829,93148,284.61564694,-52.93860833
2003513,7943,2106,1,4.667,4.311,95294,290.80443389,-44.79965444
2003512,7943,2105,1,3.828,3.935,95241,290.6595275,-44.45891417
2154248,8411,1822,1,4.368,3.203,101772,309.39163417,-47.2916575
2003308,7942,3241,1,5.499,4.235,98032,298.81533806,-41.86841
2004240,7947,3890,1,6.614,4.928,98761,300.88922333,-37.94049944
1859466,7448,1357,1,4.157,4.325,98412,299.93406222,-35.27624806
2142926,8367,2755,1,5.392,4.22,90568,277.20724917,-49.07003
2142070,8365,1698,1,3.526,3.635,88714,271.657825,-50.09145528
2139265,8359,3649,1,4.778,4.902,90830,277.93931833,-45.91474611
2139266,8359,3650,1,3.254,3.436,90422,276.74345639,-45.96833639
2001959,7935,2139,1,3.819,3.927,95347,290.97147083,-40.61565917
1999501,7925,2795,1,4.699,4.721,93542,285.77848722,-42.09500028
1998262,7921,2856,1,5.969,4.693,94005,287.0872325,-40.49663861
1997209,7918,1524,1,5.622,4.227,94160,287.50730528,-39.34071111
1997046,7917,2653,1,4.167,4.095,94114,287.36784306,-37.90425167
1854593,7422,1737,1,4.968,4.409,93825,286.60454306,-37.06282667
2138182,8357,3862,1,5.788,4.62,89112,272.80739639,-45.95432972
1993758,7910,1570,1,5.885,4.725,90982,278.3756725,-42.31246083
1854373,7421,2296,1,5.308,4.903,93174,284.68111611,-37.10709528
1853720,7419,3077,1,4.625,4.816,91918,281.0806675,-35.6419275
1713887,6900,2236,1,6.528,4.676,98688,300.66441639,-27.70987861
1713706,6899,2596,1,6.436,4.698,98162,299.23677194,-27.16986389
1713089,6896,2102,1,5.959,4.945,98353,299.73823806,-26.19582667
1713705,6899,2595,1,5.605,4.773,98066,298.95930361,-26.29968083
1710535,6885,2837,1,2.717,2.599,93506,285.65293667,-29.88011417
1709491,6881,1777,1,4.816,3.427,93864,286.73516583,-27.66984722
1712444,6893,2132,1,4.513,4.587,96465,294.17663389,-24.88357028
1708978,6879,2498,1,5.532,4.924,94643,288.88500056,-25.2566125
1862532,7465,1445,1,6.14,4.999,102831,312.49200056,-33.7796725
1864091,7475,1129,1,5.748,4.752,103738,315.32275639,-32.25776556
1864234,7476,923,1,4.794,4.717,105140,319.48437,-32.17248972
1718873,6930,987,1,6.276,4.289,102978,312.9554,-26.91912556
1718521,6928,335,1,6.619,4.692,104234,316.78201778,-25.00575111
1718257,6925,1576,1,4.617,4.172,102485,311.5240175,-25.27052722
1575840,6372,1278,1,4.991,3.841,105881,321.66678306,-22.41137667
1575969,6373,1203,1,5.616,4.602,106039,322.18049944,-21.80716833
1575591,6370,1176,1,4.279,4.486,106723,324.27009528,-19.46601361
1573395,6354,1492,1,5.053,4.868,104019,316.10134083,-19.85492917
1574276,6360,1220,1,5.4,4.377,105515,320.5615775,-16.83455444
1575590,6370,1175,1,5.809,4.823,107188,325.66425306,-18.86630111
1574544,6362,1078,1,4.064,3.704,106985,325.02228167,-16.66225694
1574661,6363,1044,1,3.215,2.885,107556,326.75955694,-16.12659472
1569899,6333,2128,1,5.321,4.967,101027,307.21509528,-17.81366861
1567503,6320,2845,1,6.221,4.99,97290,296.59088917,-19.76090611
1430705,5753,2281,1,4.009,3.151,100345,305.25270028,-14.78140417
1430014,5749,2531,1,4.695,4.741,100310,305.16586417,-12.75904417
1430013,5749,2530,1,4.759,3.665,100064,304.51342083,-12.54485833
1429830,5748,2598,1,5.563,4.342,100027,304.4119025,-12.50821167
1572839,6350,1499,1,4.075,4.07,104139,316.48658889,-17.23270972
1435505,5779,1803,1,5.688,4.601,104459,317.39831583,-11.37165611
1431513,5757,1943,1,5.098,4.756,103045,313.16336472,-8.98323722
1432128,5760,1997,1,3.769,3.758,102618,311.91889028,-9.4956875
1311169,5186,2125,1,6.561,4.638,102624,311.93432444,-5.02760056
